zipcode,name,rg_name,rg_abbrev,area,totpop_cy,tothh_cy,medhinc_cy,avghinc_cy,pci_cy,meddi_cy,avgdi_cy,white_cy,black_cy,amerind_cy,asian_cy,pacific_cy,othrace_cy,race2up_cy,hispwht_cy,hispblk_cy,hispai_cy,hispasn_cy,hisppi_cy,hispoth_cy,hispmlt_cy,nhspwht_cy,nhspblk_cy,nhspai_cy,nhspasn_cy,nhsppi_cy,nhspoth_cy,nhspmlt_cy,oha_count,oha_count_lw,new_min,new_max,or_rate,date,jf_rate_tot,jf_rate_new_min,jf_rate_new_max
97002,Aurora,Oregon,OR,40.026621779529528,6070,2298,73623,97072,36762,56332,70746,5052,31,82,49,3,684,169,383,3,37,1,0,677,51,4669,28,45,48,3,7,118,22,19,3,3,39.1,2020-07-22,36.2438220757825,4.94233937397035,4.94233937397035
97004,Beavercreek,Oregon,OR,39.119604431658210,4689,1728,94200,115351,42512,69477,83160,4354,28,38,51,4,47,167,115,1,1,2,0,40,25,4239,27,37,49,4,7,142,11,10,1,1,25.1,2020-07-22,23.4591597355513,2.13265088505012,2.13265088505012
89421,Mc Dermitt,Oregon,OR,171.258383213357604,221,105,38847,54878,26073,34604,44677,140,1,55,1,1,14,9,16,0,3,0,0,14,3,124,1,52,1,1,0,6,,,,,,,-2,-2,-2
97001,Antelope,Oregon,OR,192.933757309417587,239,53,50469,62304,13990,41060,48713,220,1,4,2,0,1,11,4,1,0,0,0,1,2,216,0,4,2,0,0,9,,,,,,,-2,-2,-2
97009,Boring,Oregon,OR,29.869339806856598,8151,3007,85309,110061,40604,63195,78755,7197,33,79,218,6,372,246,273,6,18,0,0,359,46,6924,27,61,218,6,13,200,19,16,3,3,24.5,2020-07-22,23.3100233100233,3.68052999631947,3.68052999631947
97013,Canby,Oregon,OR,60.312639046204922,25353,9071,76479,95407,34144,57116,70133,20908,151,293,346,39,2801,815,1539,68,82,1,10,2782,244,19369,83,211,345,29,19,571,159,142,17,17,70.1,2020-07-22,62.7144716601586,6.70532086932513,6.70532086932513
97014,Cascade Locks,Oregon,OR,82.715591748935921,1327,516,42854,56308,21895,35202,43663,1144,11,27,16,10,41,78,75,1,4,0,0,40,12,1069,10,23,16,10,1,66,-1,-1,0,8,-1,2020-07-22,-1,0,60.2863602110023
97010,Bridal Veil,Oregon,OR,109.351254079881159,49,19,82335,107726,41771,59606,78254,45,0,0,1,0,1,2,1,0,0,0,0,1,0,44,0,0,1,0,0,2,,,,,,,-2,-2,-2
97011,Brightwood,Oregon,OR,33.339663216642968,719,323,72149,81526,36626,53221,61103,663,2,10,5,0,14,25,25,0,1,0,0,14,2,638,2,9,5,0,0,23,,,,,,,-2,-2,-2
97016,Clatskanie,Oregon,OR,276.987220381070983,6258,2514,57303,71212,28613,45825,54616,5700,45,92,50,15,97,259,172,3,6,1,0,90,35,5528,42,86,49,15,7,224,-1,-1,0,8,-1,2020-07-22,-1,0,12.7836369447108
97017,Colton,Oregon,OR,77.563229115613581,2988,1043,88141,111416,38891,64840,79596,2845,12,20,12,1,22,76,74,0,2,0,0,20,14,2771,12,18,12,1,2,62,-1,-1,0,8,-1,2020-07-22,-1,0,26.7737617135207
97019,Corbett,Oregon,OR,59.326053841120455,3443,1250,79095,97276,35334,58323,71166,3168,20,20,55,0,45,135,69,0,3,1,0,43,15,3099,20,17,54,0,2,120,21,15,6,6,66.4,2020-07-22,60.9933197792623,17.4266627940749,17.4266627940749
97023,Estacada,Oregon,OR,712.193589163211982,11650,4310,75268,86245,32254,56334,65549,10448,98,132,143,29,393,407,316,16,30,2,0,387,89,10132,82,102,141,29,6,318,16,15,1,1,16.3,2020-07-22,13.7339055793991,0.858369098712446,0.858369098712446
97021,Dufur,Oregon,OR,347.081424871994102,1416,567,58262,75644,30292,47269,57596,1246,10,72,12,2,28,46,37,0,2,0,0,28,2,1209,10,70,12,2,0,44,0,0,0,0,0,2020-07-22,0,0,0
97022,Eagle Creek,Oregon,OR,23.867883282390064,3852,1368,75311,94574,33589,55760,69477,3477,13,41,57,3,149,112,82,2,9,0,0,143,16,3395,11,32,57,3,6,96,-1,-1,0,8,-1,2020-07-22,-1,0,20.7684319833853
97020,Donald,Oregon,OR,0.549284111214712,1037,357,73827,80914,27856,56625,63270,873,7,7,10,4,95,41,70,0,1,0,2,95,20,803,7,6,10,2,0,21,,,,,,,-2,-2,-2
97026,Gervais,Oregon,OR,38.690469324072481,4153,1085,63861,77724,20309,50983,58728,2461,21,125,37,1,1336,172,905,2,97,11,0,1330,102,1556,19,28,26,1,6,70,70,59,11,11,183.5,2020-07-22,168.552853359018,26.486876956417,26.486876956417
97030,Gresham,Oregon,OR,7.212376326953261,40367,15671,52440,65948,25631,41479,50810,30456,1232,588,1806,216,3933,2136,3206,89,276,24,9,3879,577,27250,1143,312,1782,207,54,1559,217,177,40,40,59.1,2020-07-22,53.7567815294671,9.90908415289717,9.90908415289717
97031,Hood River,Oregon,OR,199.283132569596091,19663,7254,63475,87320,32235,50968,63854,16270,123,169,310,30,2130,631,3826,42,50,9,7,2108,234,12444,81,119,301,23,22,397,108,90,18,18,58.8,2020-07-22,54.925494583736,9.15424909728933,9.15424909728933
97032,Hubbard,Oregon,OR,18.924852683548718,5433,1714,61752,75449,23803,50030,56871,3977,26,104,71,8,1057,190,613,6,52,6,1,1051,63,3364,20,52,65,7,6,127,66,60,6,6,130.8,2020-07-22,121.479845389288,11.0436223081171,11.0436223081171
97034,Lake Oswego,Oregon,OR,7.813991113573012,20264,8448,142163,187285,78087,102010,116970,18323,116,88,854,28,170,685,522,3,12,15,0,148,125,17801,113,76,839,28,22,560,40,33,7,7,21.1,2020-07-22,19.739439399921,3.45440189498618,3.45440189498618
97028,Government Camp,Oregon,OR,78.585749790635504,327,173,34079,89133,47180,31766,61082,298,0,3,5,0,11,10,12,0,0,0,0,10,2,286,0,3,5,0,1,8,,,,,,,-2,-2,-2
97029,Grass Valley,Oregon,OR,295.674378015824630,317,144,57056,84730,38489,45401,60880,293,0,8,1,0,9,6,4,0,0,0,0,8,2,289,0,8,1,0,1,4,,,,,,,-2,-2,-2
97033,Kent,Oregon,OR,120.136535646805967,56,25,60495,83665,37351,46842,60115,52,0,1,0,0,2,1,1,0,0,0,0,1,0,51,0,1,0,0,1,1,,,,,,,-2,-2,-2
97049,Rhododendron,Oregon,OR,91.586390963306101,2251,996,72083,93565,41403,54683,67816,2073,4,25,23,3,36,87,73,0,1,1,0,35,10,2000,4,24,22,3,1,77,0,-1,0,0,0,2020-07-22,0,0,0
97054,Deer Island,Oregon,OR,42.361906657183717,1644,634,71903,85076,32809,54076,63551,1539,4,15,12,2,12,60,21,0,0,0,0,10,9,1518,4,15,12,2,2,51,0,-1,0,0,0,2020-07-22,0,0,0
97040,Mosier,Oregon,OR,58.486696193265985,1411,603,59364,78331,33489,48164,59034,1244,11,16,15,9,83,33,187,7,1,0,3,83,9,1057,4,15,15,6,0,24,-1,-1,0,8,-1,2020-07-22,-1,0,56.6973777462792
97053,Warren,Oregon,OR,13.289957368539488,3343,1324,70596,84042,33286,54229,63809,3084,20,34,38,10,49,108,61,5,3,4,0,44,14,3023,15,31,34,10,5,94,-1,-1,0,8,-1,2020-07-22,-1,0,23.9306012563566
97036,Marylhurst,Oregon,OR,0.075266918614127,174,60,79337,127214,44035,61596,85807,162,2,1,6,2,0,1,3,0,0,0,0,0,0,159,2,1,6,2,0,1,,,,,,,-2,-2,-2
97058,The Dalles,Oregon,OR,336.440385431870709,21206,8377,51778,68194,26987,40984,51552,17913,181,291,310,188,1684,639,2648,26,53,1,0,1667,219,15265,155,238,309,188,17,420,114,103,11,11,57.5,2020-07-22,53.7583702725644,5.18721116665095,5.18721116665095
97060,Troutdale,Oregon,OR,17.339777557284943,22075,7515,70029,88235,30049,53560,64932,17120,515,252,1181,113,1863,1031,1389,25,102,5,7,1826,269,15731,490,150,1176,106,37,762,124,97,27,27,58.4,2020-07-22,56.1721404303511,12.2310305775764,12.2310305775764
97057,Shaniko,Oregon,OR,128.418582534346115,47,24,52143,60538,31085,39638,47332,44,0,1,0,0,0,2,1,0,0,0,0,0,0,43,0,1,0,0,0,2,,,,,,,-2,-2,-2
97063,Tygh Valley,Oregon,OR,160.339533519498389,1066,500,43224,51598,24227,35527,41259,1000,2,13,2,0,25,24,43,0,1,0,0,25,3,957,2,12,2,0,0,21,-1,-1,0,8,-1,2020-07-22,-1,0,75.046904315197
97067,Welches,Oregon,OR,27.898779226017854,2046,901,79013,97307,42859,57500,69878,1836,3,37,15,0,86,69,90,0,14,2,0,84,4,1746,3,23,13,0,2,65,0,-1,0,0,0,2020-07-22,0,0,0
97064,Vernonia,Oregon,OR,195.955939643437034,3732,1441,56671,65228,25187,45218,50846,3491,25,48,27,4,22,115,124,0,7,2,0,15,19,3367,25,41,25,4,7,96,-1,-1,0,8,-1,2020-07-22,-1,0,21.4362272240086
97065,Wasco,Oregon,OR,255.219690204088664,845,360,46564,73054,31124,37364,53968,761,3,25,1,1,34,20,27,2,6,0,0,31,13,734,1,19,1,1,3,7,,,,,,,-2,-2,-2
97108,Beaver,Oregon,OR,145.877927689339657,461,210,54495,68208,31071,43290,51297,429,1,3,2,0,13,13,22,0,1,0,0,13,3,407,1,2,2,0,0,10,,,,,,,-2,-2,-2
97109,Buxton,Oregon,OR,38.272674070897807,531,182,101696,108583,37231,75000,81422,488,2,4,3,0,16,18,10,0,1,0,0,15,2,478,2,3,3,0,1,16,,,,,,,-2,-2,-2
97117,Gales Creek,Oregon,OR,47.731706169819347,621,225,82374,94060,34080,61734,71236,569,2,3,9,0,21,17,19,0,1,0,0,21,4,550,2,2,9,0,0,13,,,,,,,-2,-2,-2
97103,Astoria,Oregon,OR,239.295466811066291,18266,7660,56160,72678,30722,44978,55036,16214,189,227,336,43,616,641,785,23,47,11,2,589,108,15429,166,180,325,41,27,533,30,28,2,2,17.8,2020-07-22,16.4239570787255,1.09493047191503,1.09493047191503
97113,Cornelius,Oregon,OR,33.713388292618880,15182,4402,62923,77857,22590,50833,59059,10042,178,171,375,16,3774,626,2716,73,89,8,2,3766,297,7326,105,82,367,14,8,329,174,156,18,18,122.9,2020-07-22,114.609405875379,11.856145435384,11.856145435384
97114,Dayton,Oregon,OR,55.896375759412315,5447,1810,67395,85643,28463,52917,63659,4381,25,58,55,1,740,187,662,6,14,3,0,730,78,3719,19,44,52,1,10,109,17,16,1,1,35.7,2020-07-22,31.2098402790527,1.83587295759133,1.83587295759133
97115,Dundee,Oregon,OR,14.470045502422890,4642,1663,85187,105603,37838,62965,76185,4177,29,50,80,7,159,140,301,0,19,7,0,153,22,3876,29,31,73,7,6,118,17,11,6,6,41.07,2020-07-22,36.622145626885,12.92546316243,12.92546316243
97107,Bay City,Oregon,OR,24.394411053747799,1587,669,57057,69630,29358,46513,53877,1445,0,17,15,1,58,51,58,0,2,0,0,54,11,1387,0,15,15,1,4,40,0,-1,0,0,0,2020-07-22,0,0,0
97112,Cloverdale,Oregon,OR,98.249057943429193,2263,941,51011,64635,26877,39240,48732,2048,13,29,23,0,69,81,98,0,1,0,0,69,8,1950,13,28,23,0,0,73,0,-1,0,0,0,2020-07-22,0,0,0
97123,Hillsboro,Oregon,OR,56.012021662494789,49610,16128,78935,94656,30808,57906,69290,34614,846,570,4119,240,6661,2560,6617,99,313,60,16,6587,819,27997,747,257,4059,224,74,1741,332,295,37,37,74.5,2020-07-22,66.9219915339649,7.45817375529127,7.45817375529127
97124,Hillsboro,Oregon,OR,44.737308228109455,54765,21236,88896,106155,41170,64989,76733,39192,1165,443,6747,199,4291,2728,4814,94,157,67,28,4213,678,34378,1071,286,6680,171,78,2050,187,152,35,35,38.7,2020-07-22,34.1458961015247,6.39094312060623,6.39094312060623
97119,Gaston,Oregon,OR,132.957504975450860,4342,1555,86088,115500,41367,64894,82123,3984,21,32,70,2,112,121,168,1,3,0,1,109,29,3816,20,29,70,1,3,92,-1,-1,0,8,-1,2020-07-22,-1,0,18.4246890833717
97121,Hammond,Oregon,OR,9.577274302802685,1678,655,54015,63287,24710,42707,49065,1506,10,20,27,20,41,54,56,0,2,1,0,40,8,1450,10,18,26,20,1,46,-1,-1,0,8,-1,2020-07-22,-1,0,47.6758045292014
97122,Hebo,Oregon,OR,40.189089735246483,511,215,52249,59473,25023,39670,45764,466,0,10,10,0,17,8,24,0,0,0,0,17,0,442,0,10,10,0,0,8,,,,,,,-2,-2,-2
97128,Mcminnville,Oregon,OR,117.481372378274074,39572,14368,54784,77796,28495,44124,57533,32055,361,466,766,84,4355,1485,3549,63,59,16,2,4289,496,28506,298,407,750,82,66,989,81,73,8,8,22.4,2020-07-22,20.4690184979278,2.02163145658546,2.02163145658546
97132,Newberg,Oregon,OR,63.218279935744803,31379,11096,71141,90125,31976,53797,66037,26834,277,214,844,55,2085,1070,1656,35,81,18,4,2053,256,25178,242,133,826,51,32,814,93,78,15,15,32.9,2020-07-22,29.637655757035,4.78026705758628,4.78026705758628
97131,Nehalem,Oregon,OR,268.989664640979413,2830,1300,51254,70052,32185,40926,52651,2585,13,27,30,6,58,111,139,0,0,1,1,56,22,2446,13,27,29,5,2,89,-1,-1,0,8,-1,2020-07-22,-1,0,28.2685512367491
97133,North Plains,Oregon,OR,67.527666831586316,5387,1992,88697,115006,42530,64655,80638,4796,24,59,137,24,158,189,283,0,23,3,5,151,51,4513,24,36,134,19,7,138,-1,-1,0,8,-1,2020-07-22,-1,0,14.8505661778355
97138,Seaside,Oregon,OR,420.584393781099493,11004,4930,48139,69365,31087,39122,52284,9703,80,90,165,16,591,359,580,16,14,2,0,579,77,9123,64,76,163,16,12,282,12,-1,3,11,12,2020-07-22,10.9051254089422,2.72628135223555,9.99636495819702
97137,Saint Paul,Oregon,OR,37.739215303562823,1250,407,82775,108839,35438,60170,77107,1031,0,8,6,0,179,26,144,0,3,0,0,179,10,887,0,5,6,0,0,16,0,-1,0,0,0,2020-07-22,0,0,0
97144,Timber,Oregon,OR,57.134709197070634,304,112,87549,90463,33328,64135,69953,285,1,4,3,0,1,10,10,0,2,0,0,1,2,275,1,2,3,0,0,8,,,,,,,-2,-2,-2
97145,Tolovana Park,Oregon,OR,21.499085597451931,172,73,56300,70719,30014,44527,53993,142,1,2,3,0,20,4,9,0,2,0,0,20,1,133,1,0,3,0,0,3,,,,,,,-2,-2,-2
97202,Portland,Oregon,OR,6.452303553946787,43023,19313,71733,101583,45653,55053,70978,36480,907,297,2520,88,666,2065,1488,53,49,19,1,573,324,34992,854,248,2501,87,93,1741,69,58,11,11,17.8,2020-07-22,16.0379331985217,2.55677195918462,2.55677195918462
97203,Portland,Oregon,OR,11.351990096770937,35659,13018,57817,74620,27357,46483,55685,22856,3868,616,1560,507,3616,2636,2178,104,188,49,20,3529,662,20678,3764,428,1511,487,87,1974,185,151,34,34,59.6,2020-07-22,51.8803107209961,9.53475980818307,9.53475980818307
97148,Yamhill,Oregon,OR,138.283324782650197,3676,1345,93310,118953,43528,68903,84604,3396,18,36,40,3,72,111,107,0,1,6,0,72,33,3289,18,35,34,3,0,78,-1,-1,0,8,-1,2020-07-22,-1,0,21.7627856365615
97149,Neskowin,Oregon,OR,59.918497285034348,676,309,52728,90251,41254,42954,63333,644,2,3,11,0,3,13,46,0,2,0,0,3,1,598,2,1,11,0,0,12,,,,,,,-2,-2,-2
97216,Portland,Oregon,OR,2.497397732214410,17405,6845,50559,64621,25434,40043,49362,11588,907,178,2591,95,1124,922,971,13,67,9,2,1102,198,10617,894,111,2582,93,22,724,65,55,10,10,41.7,2020-07-22,37.3455903476013,5.7454754380925,5.7454754380925
97217,Portland,Oregon,OR,10.622252089360355,36211,15627,69277,88416,38167,53414,64435,24870,4707,383,1782,412,1625,2432,1514,108,108,37,21,1526,526,23356,4599,275,1745,391,99,1906,107,84,23,23,34,2020-07-22,29.5490320620806,6.35166109745657,6.35166109745657
97218,Portland,Oregon,OR,10.933331212801003,15828,5929,59510,74854,28081,47999,56415,9123,2389,288,1128,73,1886,941,1022,65,139,11,3,1849,239,8101,2324,149,1117,70,37,702,59,53,6,6,40.5,2020-07-22,37.2757139246904,3.79075056861259,3.79075056861259
97229,Portland,Oregon,OR,19.391183637397798,70680,26179,119453,149812,55491,87634,100404,47261,1289,251,16478,182,1729,3490,2520,26,63,43,28,1581,450,44741,1263,188,16435,154,148,3040,117,94,23,23,20.1,2020-07-22,16.553480475382,3.25410299943407,3.25410299943407
97231,Portland,Oregon,OR,63.294200445582497,4482,1873,112694,161217,67390,83908,104638,3909,27,83,199,8,99,157,129,0,5,5,1,94,27,3780,27,78,194,7,5,130,12,12,0,0,28,2020-07-22,26.7737617135207,0,0
97302,Salem,Oregon,OR,24.242351044717967,40790,17018,64161,85256,35591,50944,62522,34223,645,585,1019,491,1891,1936,2156,32,141,16,11,1837,480,32067,613,444,1003,480,54,1456,130,115,15,15,35,2020-07-22,31.8705565089483,3.67737190487865,3.67737190487865
97310,Salem,Oregon,OR,0.271909023979819,1564,0,0,0,44343,0,0,1210,136,40,33,7,95,43,108,1,9,1,3,93,18,1102,135,31,32,4,2,25,,,,,,,-2,-2,-2
97322,Albany,Oregon,OR,66.153258637994938,37145,14448,49169,61633,24004,39242,47931,31214,405,505,503,106,2768,1644,2350,60,120,17,9,2723,490,28864,345,385,486,97,45,1154,68,64,4,4,19.9,2020-07-22,18.3066361556064,1.07686095032979,1.07686095032979
97324,Alsea,Oregon,OR,196.401763638427553,1212,499,58972,76116,31349,47473,57377,1116,7,11,13,0,18,47,29,2,0,0,0,13,4,1087,5,11,13,0,5,43,-1,-1,0,8,-1,2020-07-22,-1,0,66.006600660066
97326,Blodgett,Oregon,OR,115.523652081091157,1137,468,52342,74154,30526,41886,55175,1032,1,35,14,1,7,47,28,0,5,0,0,7,9,1004,1,30,14,1,0,38,,,,,,,-2,-2,-2
97329,Cascadia,Oregon,OR,1004.322598328403160,232,114,67223,79016,38827,52073,60369,213,1,4,0,0,3,11,4,0,0,0,0,3,2,209,1,4,0,0,0,9,,,,,,,-2,-2,-2
97342,Detroit,Oregon,OR,269.977900275448860,268,126,52250,63808,29999,40802,49130,249,0,2,2,0,0,15,8,0,0,0,0,0,3,241,0,2,2,0,0,12,,,,,,,-2,-2,-2
97343,Eddyville,Oregon,OR,171.091695233414413,462,190,51283,64378,26485,39371,48757,427,0,5,5,1,4,20,7,0,0,0,0,4,5,420,0,5,5,1,0,15,,,,,,,-2,-2,-2
97327,Brownsville,Oregon,OR,83.842886236245803,3181,1246,60345,80887,31683,48914,60888,2943,23,34,21,4,37,119,94,0,0,7,2,34,13,2849,23,34,14,2,3,106,-1,-1,0,8,-1,2020-07-22,-1,0,25.1493241119145
97341,Depoe Bay,Oregon,OR,23.974391276198340,2620,1338,50974,64476,32934,39073,49489,2376,2,39,39,7,64,93,80,0,3,2,1,62,22,2296,2,36,37,6,2,71,-1,-1,0,8,-1,2020-07-22,-1,0,30.5343511450382
97344,Falls City,Oregon,OR,236.294473687324370,1216,467,49123,63744,24481,39046,48695,1110,4,28,7,1,22,44,21,0,3,0,0,20,16,1089,4,25,7,1,2,28,-1,-1,0,8,-1,2020-07-22,-1,0,65.7894736842105
97347,Grand Ronde,Oregon,OR,101.567616493971201,2034,790,51190,69547,27012,41756,52529,1425,3,375,9,0,37,185,27,0,37,0,0,35,16,1398,3,338,9,0,2,169,-1,-1,0,8,-1,2020-07-22,-1,0,39.3313667649951
97357,Logsden,Oregon,OR,32.711141463393801,242,101,55740,72193,30130,43741,55931,165,0,57,1,0,2,17,3,0,5,0,0,2,3,162,0,52,1,0,0,14,,,,,,,-2,-2,-2
97355,Lebanon,Oregon,OR,210.670447169973357,31285,11964,51381,66356,25386,41005,51459,28277,177,470,341,43,702,1275,915,16,52,4,8,673,295,27362,161,418,337,35,29,980,62,57,5,5,21.7,2020-07-22,19.8178040594534,1.59821000479463,1.59821000479463
97361,Monmouth,Oregon,OR,126.510175147304935,12611,4444,47043,60193,21354,37340,46379,10236,252,176,361,60,946,580,708,22,62,16,3,930,148,9528,230,114,345,57,16,432,15,13,2,2,13.3,2020-07-22,11.8943779240346,1.58591705653794,1.58591705653794
97362,Mount Angel,Oregon,OR,21.312028845721567,5034,1694,53086,74594,25213,43088,56098,3894,30,52,51,26,806,175,683,5,16,2,0,805,80,3211,25,36,49,26,1,95,28,24,4,4,64.5,2020-07-22,55.621771950735,7.94596742153357,7.94596742153357
97365,Newport,Oregon,OR,31.739424860607436,11131,4781,46167,64738,27857,37474,49399,9045,129,232,213,32,1002,478,788,20,56,2,0,998,144,8257,109,176,211,32,4,334,299,296,3,3,278.3,2020-07-22,268.619171682688,2.69517563561225,2.69517563561225
97367,Lincoln City,Oregon,OR,136.311926035336796,11088,5110,41295,55404,25552,34249,42661,9186,95,357,200,26,811,413,511,7,50,5,1,805,141,8675,88,307,195,25,6,272,20,15,5,5,21.2,2020-07-22,18.037518037518,4.50937950937951,4.50937950937951
97358,Lyons,Oregon,OR,41.730801829922008,2960,1150,65701,78086,30339,52137,59886,2679,13,48,29,14,58,119,91,0,7,0,2,55,17,2588,13,41,29,12,3,102,0,-1,0,0,0,2020-07-22,0,0,0
97360,Mill City,Oregon,OR,24.145251452238508,2520,929,50811,62811,23156,39879,48583,2278,16,46,16,23,42,99,150,0,13,0,0,41,30,2128,16,33,16,23,1,69,-1,-1,0,8,-1,2020-07-22,-1,0,31.7460317460317
97366,South Beach,Oregon,OR,12.312478497354014,1514,701,57443,82539,38218,45930,59750,1396,3,24,16,3,6,66,32,1,5,0,0,5,16,1364,2,19,16,3,1,50,-1,-1,0,8,-1,2020-07-22,-1,0,52.8401585204756
97370,Philomath,Oregon,OR,146.864981466819785,9193,3521,63322,86067,32968,51053,63685,8225,65,80,199,6,213,405,308,7,16,1,1,203,57,7917,58,64,198,5,10,348,17,16,1,1,20.6,2020-07-22,18.4923311215055,1.08778418361797,1.08778418361797
97376,Seal Rock,Oregon,OR,62.702165808781949,1707,800,46445,71239,33388,37872,53279,1585,5,21,10,3,16,67,32,0,3,0,0,13,9,1553,5,18,10,3,3,58,0,-1,0,0,0,2020-07-22,0,0,0
97374,Scio,Oregon,OR,179.386006684689875,5641,2054,71138,84908,30920,54348,64190,5154,19,81,34,18,129,206,101,0,8,1,0,125,37,5053,19,73,33,18,4,169,-1,-1,0,8,-1,2020-07-22,-1,0,14.1818826449211
97375,Scotts Mills,Oregon,OR,32.197898709069960,1227,432,84889,97999,34507,62065,73332,1144,3,10,11,2,29,28,26,0,0,0,0,29,5,1118,3,10,11,2,0,23,-1,-1,0,8,-1,2020-07-22,-1,0,65.19967400163
97378,Sheridan,Oregon,OR,136.875599486188207,9474,2677,51177,64270,23350,40370,49599,7170,465,451,269,56,591,472,576,6,44,20,1,581,105,6594,459,407,249,55,10,367,-1,-1,0,8,-1,2020-07-22,-1,0,8.44416297234537
97371,Rickreall,Oregon,OR,31.560483733138419,697,259,73174,90475,33628,55147,67057,640,3,9,7,0,17,21,41,0,0,0,0,17,6,599,3,9,7,0,0,15,,,,,,,-2,-2,-2
97377,Shedd,Oregon,OR,50.917299634092522,1096,418,66610,96354,36763,53834,69931,984,7,8,10,0,52,35,42,0,0,0,0,47,10,942,7,8,10,0,5,25,,,,,,,-2,-2,-2
97391,Toledo,Oregon,OR,82.383026426331455,6040,2335,52634,70203,27141,41235,52789,5367,47,260,42,6,71,247,170,10,29,1,2,69,44,5197,37,231,41,4,2,203,15,14,1,1,28.1,2020-07-22,24.8344370860927,1.65562913907285,1.65562913907285
97392,Turner,Oregon,OR,40.547786829771979,5381,1956,71954,90713,32987,55143,67681,4913,34,54,57,7,166,150,213,7,6,2,1,164,26,4700,27,48,55,6,2,124,18,18,0,0,34.7,2020-07-22,33.4510314068017,0,0
97389,Tangent,Oregon,OR,35.237775145122860,1775,627,59138,85213,30102,47791,62259,1551,5,18,14,5,94,88,49,0,3,0,0,92,37,1502,5,15,14,5,2,51,-1,-1,0,8,-1,2020-07-22,-1,0,45.0704225352113
97394,Waldport,Oregon,OR,74.551236102071812,5099,2430,46170,61470,29296,37162,47137,4657,48,73,59,19,31,212,119,0,6,1,5,26,22,4538,48,67,58,14,5,190,-1,-1,0,8,-1,2020-07-22,-1,0,15.6893508531085
97396,Willamina,Oregon,OR,101.559482234826746,3688,1315,50511,58738,20947,38917,46074,2948,30,357,11,8,79,255,101,0,21,0,0,77,34,2847,30,336,11,8,2,221,-1,-1,0,8,-1,2020-07-22,-1,0,21.6919739696312
97390,Tidewater,Oregon,OR,103.967718568570362,626,309,48103,73480,36307,38502,54391,582,7,9,7,1,5,15,15,0,1,0,0,4,2,567,7,8,7,1,1,13,,,,,,,-2,-2,-2
97402,Eugene,Oregon,OR,86.755863514906508,54883,22534,44970,59142,24310,36514,45505,44468,896,924,1481,178,3580,3356,3504,125,249,40,19,3488,837,40964,771,675,1441,159,92,2519,64,56,8,8,12.7,2020-07-22,11.6611701255398,1.45764626569247,1.45764626569247
97406,Agness,Oregon,OR,414.005762643062724,140,71,47101,56805,28808,36898,44669,131,0,4,1,0,1,3,4,0,1,0,0,1,0,127,0,3,1,0,0,3,,,,,,,-2,-2,-2
97407,Allegany,Oregon,OR,0.018911627994700,,,,,,,,,,,,,,,,,,,,,,,,,,,,,,,,,,,-2,-2,-2
97411,Bandon,Oregon,OR,136.503974691971052,7906,3641,35720,50548,23335,27822,39263,7245,28,127,102,15,116,273,245,0,20,0,5,103,48,7000,28,107,102,10,13,225,0,-1,0,0,0,2020-07-22,0,0,0
97419,Cheshire,Oregon,OR,31.184830944225787,1186,516,63300,75871,33010,50728,58010,1053,9,18,12,2,41,51,24,1,1,0,0,35,11,1029,8,17,12,2,6,40,0,-1,0,0,0,2020-07-22,0,0,0
97437,Elmira,Oregon,OR,24.343028786324371,3035,1153,59021,72978,27727,47587,55321,2819,6,34,22,5,18,131,76,0,5,0,0,17,21,2743,6,29,22,5,1,110,0,-1,0,0,0,2020-07-22,0,0,0
97442,Glendale,Oregon,OR,350.806425641258613,2491,987,46523,70855,28077,38188,53232,2213,13,51,12,1,78,123,115,0,5,8,0,68,49,2098,13,46,4,1,10,74,0,-1,0,0,0,2020-07-22,0,0,0
97415,Brookings,Oregon,OR,746.403329559068766,15615,7033,41438,55531,25041,34368,43571,13807,110,431,145,26,393,703,755,6,91,2,0,385,167,13052,104,340,143,26,8,536,-1,-1,0,8,-1,2020-07-22,-1,0,5.12327889849504
97417,Canyonville,Oregon,OR,20.244124842075529,2848,1151,40627,50494,20448,33685,40143,2423,21,90,107,2,51,154,125,5,15,1,0,48,31,2298,16,75,106,2,3,123,-1,-1,0,8,-1,2020-07-22,-1,0,28.0898876404494
97423,Coquille,Oregon,OR,112.685711575054256,6854,2846,39358,52131,21671,32232,40896,6220,42,148,52,8,143,241,235,12,5,4,0,134,40,5985,30,143,48,8,9,201,-1,-1,0,8,-1,2020-07-22,-1,0,11.6720163408229
97431,Dexter,Oregon,OR,93.920674918652821,3005,1178,68076,79642,31222,52029,59234,2745,28,37,22,5,36,132,88,0,3,1,0,34,19,2657,28,34,21,5,2,113,-1,-1,0,8,-1,2020-07-22,-1,0,26.6222961730449
97435,Drain,Oregon,OR,225.132961369653685,2360,968,46710,65572,26896,37834,49918,2147,14,59,4,1,45,90,68,2,9,0,0,42,17,2079,12,50,4,1,3,73,-1,-1,0,8,-1,2020-07-22,-1,0,33.8983050847458
97410,Azalea,Oregon,OR,230.321862091159346,964,433,51896,62109,27907,40094,48184,896,0,17,1,2,9,39,25,0,1,0,0,9,5,871,0,16,1,2,0,34,,,,,,,-2,-2,-2
97412,Blachly,Oregon,OR,17.292080052659131,403,161,40991,54109,21617,33410,42158,376,0,7,5,0,2,13,14,0,1,1,0,2,3,362,0,6,4,0,0,10,,,,,,,-2,-2,-2
97413,Blue River,Oregon,OR,436.468010974702224,991,461,43754,58549,27236,35877,45840,924,8,12,4,2,3,38,35,0,2,0,0,3,4,889,8,10,4,2,0,34,,,,,,,-2,-2,-2
97414,Broadbent,Oregon,OR,38.386094685789715,270,119,45846,57133,25181,37105,45604,247,1,6,0,0,2,14,10,0,0,0,0,2,1,237,1,6,0,0,0,13,,,,,,,-2,-2,-2
97459,North Bend,Oregon,OR,317.289280830006419,14881,6184,45092,60952,25903,36822,46680,13226,63,345,265,41,213,728,522,3,40,4,2,196,134,12704,60,305,261,39,17,594,39,36,3,3,27.7,2020-07-22,26.2079161346684,2.01599354882064,2.01599354882064
97470,Roseburg,Oregon,OR,169.189665103415194,20837,8832,46149,58923,25025,37287,46055,18796,156,431,233,54,378,789,888,21,57,10,8,357,133,17908,135,374,223,46,21,656,20,14,6,6,10,2020-07-22,9.59831069731727,2.87949320919518,2.87949320919518
97471,Roseburg,Oregon,OR,251.139465757646008,30833,12601,55714,79037,32340,44733,58936,28200,181,509,425,55,419,1044,1190,24,102,13,13,374,202,27010,157,407,412,42,45,842,14,13,1,1,4.8,2020-07-22,4.54058962799598,0.324327830571141,0.324327830571141
97449,Lakeside,Oregon,OR,45.604261056369424,2029,963,39372,49887,25029,32207,40162,1883,14,34,10,1,26,61,43,0,5,0,0,26,13,1840,14,29,10,1,0,48,0,-1,0,0,0,2020-07-22,0,0,0
97447,Idleyld Park,Oregon,OR,179.313182772166016,819,386,53940,70111,33131,42907,53466,754,7,21,3,1,9,24,34,0,2,0,0,8,5,720,7,19,3,1,1,19,,,,,,,-2,-2,-2
97450,Langlois,Oregon,OR,134.329833637387679,648,320,42209,51766,25565,35167,41328,607,0,21,3,1,7,9,21,0,4,0,0,5,0,586,0,17,3,1,2,9,,,,,,,-2,-2,-2
97451,Lorane,Oregon,OR,43.328820029242394,459,197,70926,85882,36860,53874,64844,422,2,5,5,0,2,23,9,1,0,0,0,2,5,413,1,5,5,0,0,18,,,,,,,-2,-2,-2
97453,Mapleton,Oregon,OR,97.934702705369475,759,348,54158,71859,32949,43342,55681,707,2,14,9,0,1,26,15,0,0,3,0,1,3,692,2,14,6,0,0,23,,,,,,,-2,-2,-2
97461,Noti,Oregon,OR,105.188592457583965,874,345,55201,62862,24814,44074,49508,792,5,16,11,0,14,36,22,0,1,0,0,10,6,770,5,15,11,0,4,30,,,,,,,-2,-2,-2
97466,Powers,Oregon,OR,235.554772743508551,914,410,28683,41698,18705,23265,33349,773,1,31,4,2,14,89,33,0,4,0,0,12,6,740,1,27,4,2,2,83,,,,,,,-2,-2,-2
97476,Sixes,Oregon,OR,77.250032910947226,205,96,41905,51546,24138,33738,41149,192,0,7,1,0,2,3,7,0,1,0,0,2,0,185,0,6,1,0,0,3,,,,,,,-2,-2,-2
97480,Swisshome,Oregon,OR,107.569852145188179,433,194,38616,51678,23154,32306,41407,403,0,7,5,0,2,16,10,0,0,0,0,2,3,393,0,7,5,0,0,13,,,,,,,-2,-2,-2
97481,Tenmile,Oregon,OR,9.317747845957845,911,368,58468,79149,31974,47008,60219,823,4,21,6,3,3,51,19,0,0,0,0,3,7,804,4,21,6,3,0,44,,,,,,,-2,-2,-2
97489,Walterville,Oregon,OR,17.673732971818982,803,353,65308,74379,32697,50854,56753,760,2,4,8,1,8,20,28,0,0,0,0,8,2,732,2,4,8,1,0,18,,,,,,,-2,-2,-2
97490,Walton,Oregon,OR,109.569916173120433,634,277,56269,71805,31372,45009,55150,586,2,11,9,0,3,23,13,0,1,1,0,2,2,573,2,10,8,0,1,21,,,,,,,-2,-2,-2
97492,Westfir,Oregon,OR,49.889323005810446,669,294,75000,75038,32976,53110,57609,615,6,8,4,1,4,31,20,0,1,0,0,4,1,595,6,7,4,1,0,30,,,,,,,-2,-2,-2
97493,Westlake,Oregon,OR,54.443595221609293,568,238,51998,68882,28897,40448,52651,519,3,11,4,2,4,25,19,0,1,0,0,4,2,500,3,10,4,2,0,23,,,,,,,-2,-2,-2
97487,Veneta,Oregon,OR,193.896746069673270,9115,3447,54469,71069,26881,43269,53292,8219,36,159,103,21,179,398,291,2,53,3,4,158,51,7928,34,106,100,17,21,347,-1,-1,0,8,-1,2020-07-22,-1,0,8.77674163466813
97488,Vida,Oregon,OR,206.094047026802656,1150,519,56463,71859,32430,45567,54582,1047,7,12,8,1,10,65,37,0,1,0,0,10,11,1010,7,11,8,1,0,54,-1,-1,0,8,-1,2020-07-22,-1,0,69.5652173913043
97497,Wolf Creek,Oregon,OR,103.544759378235980,1592,669,44954,59728,25112,37312,45670,1468,13,27,9,1,17,57,58,0,5,0,0,16,11,1410,13,22,9,1,1,46,0,-1,0,0,0,2020-07-22,0,0,0
97499,Yoncalla,Oregon,OR,128.918210235637446,2037,865,45827,63725,27061,37150,48864,1853,5,40,14,4,38,83,65,0,0,0,0,32,15,1788,5,40,14,4,6,68,0,-1,0,0,0,2020-07-22,0,0,0
97496,Winston,Oregon,OR,89.250598845822225,8434,3363,42666,62006,24733,35353,46757,7695,39,157,72,14,109,348,308,2,20,0,2,108,35,7387,37,137,72,12,1,313,-1,-1,0,8,-1,2020-07-22,-1,0,9.48541617263457
97498,Yachats,Oregon,OR,95.487710731133788,1977,901,44404,61554,28177,35989,47202,1796,52,41,17,4,30,37,88,0,1,0,0,24,4,1708,52,40,17,4,6,33,-1,-1,0,8,-1,2020-07-22,-1,0,40.4653515427415
97522,Butte Falls,Oregon,OR,404.239866559685368,745,294,54149,71155,28080,42958,53655,687,1,20,4,1,7,25,34,1,3,0,0,7,2,653,0,17,4,1,0,23,,,,,,,-2,-2,-2
97520,Ashland,Oregon,OR,650.448522966211044,27164,12226,57290,91361,41215,45697,64742,24029,362,279,657,82,491,1264,975,25,60,18,6,448,247,23054,337,219,639,76,43,1017,12,11,1,1,4.9,2020-07-22,4.4176115446915,0.368134295390959,0.368134295390959
97524,Eagle Point,Oregon,OR,263.871646519700107,15986,6150,62913,87725,33775,50839,64294,14583,44,219,156,21,359,604,768,2,44,4,5,337,173,13815,42,175,152,16,22,431,16,12,4,4,11.1,2020-07-22,10.0087576629551,2.50218941573877,2.50218941573877
97526,Grants Pass,Oregon,OR,243.846756990656786,36281,15059,48330,66439,27829,38306,49934,32778,235,507,462,110,746,1443,1777,31,107,20,29,711,366,31001,204,400,442,81,35,1077,28,24,4,4,8.2,2020-07-22,7.71753810534439,1.10250544362063,1.10250544362063
97527,Grants Pass,Oregon,OR,177.575483333165010,34900,14560,48717,63750,26604,38762,48710,31906,154,473,292,80,692,1303,1625,34,101,5,16,675,321,30281,120,372,287,64,17,982,16,14,2,2,4.7,2020-07-22,4.58452722063037,0.573065902578797,0.573065902578797
97532,Merlin,Oregon,OR,320.292925565145538,2674,1152,55284,64622,28047,44184,50129,2437,12,45,26,8,32,114,88,1,11,1,2,29,25,2349,11,34,25,6,3,89,-1,-1,0,8,-1,2020-07-22,-1,0,29.9177262528048
97534,O Brien,Oregon,OR,56.225369274542047,475,219,40596,48923,22556,33631,38489,425,6,16,4,3,5,16,21,1,2,1,1,4,5,404,5,14,3,2,1,11,,,,,,,-2,-2,-2
97538,Selma,Oregon,OR,197.730297682718259,2720,1137,46611,64098,26798,37141,48304,2483,14,51,23,1,25,123,92,0,13,0,0,21,21,2391,14,38,23,1,4,102,0,-1,0,0,0,2020-07-22,0,0,0
97535,Phoenix,Oregon,OR,2.796619826487932,5815,2469,44271,54328,23082,35954,42461,4703,54,83,70,11,612,282,519,13,17,0,0,598,99,4184,41,66,70,11,14,183,-1,-1,0,8,-1,2020-07-22,-1,0,13.7575236457438
97536,Prospect,Oregon,OR,362.564449574012656,1097,483,52852,61060,26884,40306,47349,1000,4,23,2,4,15,49,55,0,2,0,0,15,6,945,4,21,2,4,0,43,,,,,,,-2,-2,-2
97541,Trail,Oregon,OR,196.370849013412993,1483,642,47643,69445,30063,38289,51345,1375,5,28,5,5,15,50,63,0,1,0,0,13,7,1312,5,27,5,5,2,43,0,-1,0,0,0,2020-07-22,0,0,0
97540,Talent,Oregon,OR,30.919357123146646,9456,3957,43916,61091,25598,35770,46497,8083,100,131,115,23,581,423,856,19,41,0,2,561,110,7227,81,90,115,21,20,313,-1,-1,0,8,-1,2020-07-22,-1,0,8.46023688663283
97543,Wilderville,Oregon,OR,100.901618315868021,860,362,52671,61791,26010,41255,47601,796,2,14,6,0,17,25,32,0,3,0,0,17,6,764,2,11,6,0,0,19,,,,,,,-2,-2,-2
97623,Bonanza,Oregon,OR,806.165580831285979,2464,980,37748,53087,21114,30417,41196,2083,17,80,13,1,183,87,181,4,10,0,0,181,22,1902,13,70,13,1,2,65,-1,-1,0,8,-1,2020-07-22,-1,0,32.4675324675325
97624,Chiloquin,Oregon,OR,1852.601719539145734,4413,1971,35870,48519,21672,29392,38437,3244,14,779,23,13,38,302,147,3,88,2,0,37,49,3097,11,691,21,13,1,253,-1,-1,0,8,-1,2020-07-22,-1,0,18.1282574212554
97604,Crater Lake,Oregon,OR,2.673470898050412,0,0,0,0,0,0,0,0,0,0,0,0,0,0,0,0,0,0,0,0,0,0,0,0,0,0,0,0,,,,,,,-2,-2,-2
97620,Adel,Oregon,OR,1057.752890187813819,114,57,41674,63297,31648,36276,46184,102,1,2,1,0,4,4,4,0,0,0,0,4,0,98,1,2,1,0,0,4,,,,,,,-2,-2,-2
97710,Fields,Oregon,OR,1039.441182852077418,121,55,55199,75692,34405,40387,55945,111,0,2,1,0,6,1,3,0,0,0,0,6,0,108,0,2,1,0,0,1,,,,,,,-2,-2,-2
97711,Ashwood,Oregon,OR,455.557531562860618,74,41,53881,99911,55356,42051,55358,59,6,5,1,0,2,1,2,0,0,0,0,2,0,57,6,5,1,0,0,1,,,,,,,-2,-2,-2
97712,Brothers,Oregon,OR,639.526725141260272,60,23,95961,128984,49444,71958,90936,57,0,1,1,0,0,1,1,0,0,0,0,0,0,56,0,1,1,0,0,1,,,,,,,-2,-2,-2
97721,Princeton,Oregon,OR,1277.024327359227755,199,87,54252,75458,32989,42443,55772,183,0,3,1,0,10,2,4,0,0,0,0,10,0,179,0,3,1,0,0,2,,,,,,,-2,-2,-2
97722,Diamond,Oregon,OR,503.356463787339237,114,43,53913,76335,28793,42579,56421,105,0,1,1,0,6,1,3,0,0,0,0,6,0,102,0,1,1,0,0,1,,,,,,,-2,-2,-2
97730,Camp Sherman,Oregon,OR,266.051357660517397,408,201,65490,88227,43465,51994,65503,378,0,6,1,5,9,9,6,0,3,0,0,9,4,372,0,3,1,5,0,5,,,,,,,-2,-2,-2
97641,Christmas Valley,Oregon,OR,897.061410226223757,1261,580,27358,45212,20800,22083,35146,1112,2,36,4,0,31,76,20,0,7,0,0,30,8,1092,2,29,4,0,1,68,0,-1,0,0,0,2020-07-22,0,0,0
97753,Powell Butte,Oregon,OR,120.061302421717031,2459,1027,72838,85397,35666,55289,65211,2328,7,26,7,0,41,50,68,0,2,0,0,41,7,2260,7,24,7,0,0,43,0,-1,0,0,0,2020-07-22,0,0,0
97707,Bend,Oregon,OR,263.759679406387647,7110,3072,62308,88268,38139,50236,64302,6719,27,67,43,11,50,193,170,8,7,0,0,43,30,6549,19,60,43,11,7,163,-1,-1,0,8,-1,2020-07-22,-1,0,11.2517580872011
97720,Burns,Oregon,OR,840.511248494408392,4561,2012,39203,57997,25612,32594,44624,4023,14,224,29,1,74,196,147,3,4,1,0,73,29,3876,11,220,28,1,1,167,-1,-1,0,8,-1,2020-07-22,-1,0,17.5400131550099
97738,Hines,Oregon,OR,1163.676847185076895,2093,902,51069,66474,28676,41101,50388,1926,3,49,12,0,39,64,54,0,0,0,0,34,11,1872,3,49,12,0,5,53,-1,-1,0,8,-1,2020-07-22,-1,0,38.2226469182991
97739,La Pine,Oregon,OR,1087.689618452011246,13577,5712,48661,57493,24193,38038,44983,12681,26,155,100,11,109,495,288,0,16,8,0,100,84,12393,26,139,92,11,9,411,-1,-1,0,8,-1,2020-07-22,-1,0,5.8923178905502
97731,Chemult,Oregon,OR,624.529594883970049,316,155,40899,50930,25030,33046,40088,286,3,9,2,0,5,11,7,0,0,0,0,5,2,279,3,9,2,0,0,9,,,,,,,-2,-2,-2
97810,Adams,Oregon,OR,135.731772985725542,815,310,62016,79568,30265,50668,61194,650,4,103,7,0,16,35,18,0,2,0,0,15,7,632,4,101,7,0,1,28,,,,,,,-2,-2,-2
97812,Arlington,Oregon,OR,366.865294438010380,783,337,63340,80875,34808,50783,60834,703,2,16,1,12,23,26,37,0,1,0,0,23,0,666,2,15,1,12,0,26,,,,,,,-2,-2,-2
97817,Bates,Oregon,OR,618.278237091176607,50,23,38039,50563,23270,36335,40604,47,0,1,0,0,0,2,1,0,0,0,0,0,0,46,0,1,0,0,0,2,,,,,,,-2,-2,-2
97819,Bridgeport,Oregon,OR,45.446863985462777,22,11,45195,50000,25000,37784,48491,21,0,0,0,0,0,1,1,0,0,0,0,0,0,20,0,0,0,0,0,1,,,,,,,-2,-2,-2
97823,Condon,Oregon,OR,757.448975587067480,986,489,41503,56623,28095,34728,44178,940,1,10,2,0,11,22,34,0,0,0,0,11,5,906,1,10,2,0,0,17,,,,,,,-2,-2,-2
97825,Dayville,Oregon,OR,181.098761080742207,222,112,53571,93151,46995,43841,65832,210,1,3,0,0,5,3,6,0,0,0,0,5,1,204,1,3,0,0,0,2,,,,,,,-2,-2,-2
97830,Fossil,Oregon,OR,593.157200127282522,714,325,42222,57008,25992,35532,44787,626,0,19,4,0,28,37,17,0,2,0,0,23,1,609,0,17,4,0,5,36,,,,,,,-2,-2,-2
97761,Warm Springs,Oregon,OR,475.680879559369771,3045,748,49387,61388,15108,39616,47154,106,4,2767,1,1,20,146,6,0,217,0,0,20,61,100,4,2550,1,1,0,85,124,98,26,26,311,2020-07-22,407.224958949097,85.3858784893268,85.3858784893268
97801,Pendleton,Oregon,OR,1029.227584821088840,21972,8101,53891,68422,25555,42548,52455,17711,321,1925,260,37,814,904,1056,16,126,4,0,802,224,16655,305,1799,256,37,12,680,192,145,47,47,89.2,2020-07-22,87.3839432004369,21.3908610959403,21.3908610959403
97814,Baker City,Oregon,OR,952.186089352735394,12602,5381,46509,63766,27301,37756,48678,11631,94,166,120,5,189,397,339,5,24,0,0,184,43,11292,89,142,120,5,5,354,11,10,1,1,8.9,2020-07-22,8.72877321060149,0.793524837327408,0.793524837327408
97820,Canyon City,Oregon,OR,160.267551419595776,1238,544,56040,66999,29458,44986,51820,1158,3,18,7,1,11,40,22,0,0,0,0,11,6,1136,3,18,7,1,0,34,0,-1,0,0,0,2020-07-22,0,0,0
97813,Athena,Oregon,OR,74.689535978347607,1321,511,59451,75813,29327,48456,57882,1190,5,35,4,0,56,31,34,0,3,0,0,56,5,1156,5,32,4,0,0,26,-1,-1,0,8,-1,2020-07-22,-1,0,60.560181680545
97850,La Grande,Oregon,OR,863.241653582023218,17448,7111,42768,59939,24585,35416,45362,15567,182,221,300,289,310,579,533,6,42,5,3,284,99,15034,176,179,295,286,26,480,324,316,8,8,191.1,2020-07-22,185.694635488308,4.58505272810637,4.58505272810637
97845,John Day,Oregon,OR,182.391210211030852,2620,1183,48837,62647,28309,38811,48292,2429,12,44,28,4,28,75,55,3,0,0,1,26,8,2374,9,44,28,3,2,67,-1,-1,0,8,-1,2020-07-22,-1,0,30.5343511450382
97846,Joseph,Oregon,OR,397.120770667425063,2048,959,50136,63267,29642,39320,48925,1939,10,18,7,4,16,54,31,0,4,0,0,13,1,1908,10,14,7,4,3,53,-1,-1,0,8,-1,2020-07-22,-1,0,39.0625
97848,Kimberly,Oregon,OR,207.430702561484964,174,68,44442,75230,29400,38516,54923,162,0,3,0,0,3,6,4,0,0,0,0,3,0,158,0,3,0,0,0,6,,,,,,,-2,-2,-2
97856,Long Creek,Oregon,OR,602.719228168372069,394,179,38873,63782,28977,32458,47839,361,0,6,1,0,7,19,8,0,1,0,0,7,1,353,0,5,1,0,0,18,,,,,,,-2,-2,-2
97857,Lostine,Oregon,OR,181.600757189583987,449,197,51737,67764,29739,41877,52792,423,2,5,4,0,2,13,10,0,0,0,0,2,1,413,2,5,4,0,0,12,,,,,,,-2,-2,-2
97859,Meacham,Oregon,OR,21.005905945406354,47,24,53457,78480,40075,41213,56826,43,0,1,0,0,1,2,1,0,0,0,0,1,0,42,0,1,0,0,0,2,,,,,,,-2,-2,-2
97862,Milton Freewater,Oregon,OR,312.696971532913324,11565,4198,46821,62008,22518,37294,47623,8747,50,93,72,3,2273,327,1692,5,13,6,0,2266,163,7055,45,80,66,3,7,164,26,18,8,8,22.3,2020-07-22,22.4816255944661,6.91742325983571,6.91742325983571
97868,Pilot Rock,Oregon,OR,405.020545465497264,2073,800,49244,73491,28371,38775,54287,1839,1,113,5,1,35,79,33,0,6,0,0,32,14,1806,1,107,5,1,3,65,13,10,3,3,65.3,2020-07-22,62.7110467920888,14.4717800289436,14.4717800289436
97865,Mount Vernon,Oregon,OR,352.000365480286803,1086,508,37356,55998,26199,30395,43227,1011,5,9,6,0,30,25,24,0,1,0,0,30,1,987,5,8,6,0,0,24,0,-1,0,0,0,2020-07-22,0,0,0
97869,Prairie City,Oregon,OR,694.192178115561546,1064,476,39081,50589,22659,32920,40378,990,3,14,8,2,4,43,28,0,1,0,1,4,5,962,3,13,8,1,0,38,0,-1,0,0,0,2020-07-22,0,0,0
97864,Monument,Oregon,OR,341.941382373584020,277,117,38829,63988,27027,31938,47993,254,0,4,1,0,5,13,6,0,0,0,0,5,0,248,0,4,1,0,0,13,,,,,,,-2,-2,-2
97867,North Powder,Oregon,OR,174.431883593643533,894,356,43843,73486,29263,36698,52923,814,3,9,5,1,27,35,25,0,0,0,0,27,13,789,3,9,5,1,0,22,,,,,,,-2,-2,-2
97870,Richland,Oregon,OR,355.830084686165208,670,335,41505,62394,31212,34078,46981,627,14,6,0,0,1,22,14,0,0,0,0,1,4,613,14,6,0,0,0,18,,,,,,,-2,-2,-2
97873,Seneca,Oregon,OR,907.715858409123825,295,133,53508,92234,41584,42249,65255,278,1,4,0,0,7,5,8,0,0,0,0,7,1,270,1,4,0,0,0,4,,,,,,,-2,-2,-2
97874,Spray,Oregon,OR,198.218541714029129,335,147,35776,53367,23435,29896,41990,307,0,3,2,1,8,14,7,0,0,0,0,8,1,300,0,3,2,1,0,13,,,,,,,-2,-2,-2
97876,Summerville,Oregon,OR,51.401238808007896,795,318,55677,74550,29820,45042,55474,758,1,5,6,0,13,12,10,0,0,0,0,11,1,748,1,5,6,0,2,11,,,,,,,-2,-2,-2
97877,Sumpter,Oregon,OR,451.262587574739371,299,173,46148,63059,36485,36847,48034,280,0,5,5,0,3,6,10,0,0,0,0,3,0,270,0,5,5,0,0,6,,,,,,,-2,-2,-2
97883,Union,Oregon,OR,347.202720024648386,2824,1153,45161,57926,23653,37054,45370,2657,4,30,9,5,25,94,67,0,0,0,1,13,14,2590,4,30,9,4,12,80,-1,-1,0,8,-1,2020-07-22,-1,0,28.328611898017
97885,Wallowa,Oregon,OR,535.062133879829958,1508,646,51842,68675,29428,43103,53597,1437,4,13,10,1,4,39,34,0,1,0,1,4,3,1403,4,12,10,0,0,36,-1,-1,0,8,-1,2020-07-22,-1,0,53.0503978779841
97886,Weston,Oregon,OR,134.355281316099337,1169,466,61998,77273,30803,50522,59390,1005,3,32,26,0,64,39,28,0,0,8,0,64,7,977,3,32,18,0,0,32,-1,-1,0,8,-1,2020-07-22,-1,0,68.4345594525235
97880,Ukiah,Oregon,OR,523.713691853416776,250,113,45859,58044,26275,36330,46365,226,0,5,3,0,5,11,5,0,1,0,0,3,3,221,0,4,3,0,2,8,,,,,,,-2,-2,-2
97884,Unity,Oregon,OR,345.496131290980998,163,80,46528,66289,32534,37169,50003,152,0,3,3,0,2,3,6,0,0,0,0,2,0,146,0,3,3,0,0,3,,,,,,,-2,-2,-2
97901,Adrian,Oregon,OR,342.523423450010853,504,191,51743,75345,28556,40734,55756,454,0,2,7,0,24,17,61,0,1,1,0,24,6,393,0,1,6,0,0,11,,,,,,,-2,-2,-2
97902,Arock,Oregon,OR,0.009361886612112,0,0,0,0,0,0,0,0,0,0,0,0,0,0,0,0,0,0,0,0,0,0,0,0,0,0,0,0,,,,,,,-2,-2,-2
97903,Brogan,Oregon,OR,469.340020192348902,143,61,41406,67441,28768,36637,47233,117,13,3,1,0,7,2,22,0,0,0,0,7,1,95,13,3,1,0,0,1,,,,,,,-2,-2,-2
97904,Drewsey,Oregon,OR,582.824802712164114,188,76,43717,66702,26965,38172,50523,175,1,2,0,0,2,8,4,0,0,0,0,2,0,171,1,2,0,0,0,8,,,,,,,-2,-2,-2
97905,Durkee,Oregon,OR,10.387621081276720,37,22,41157,58491,34789,30973,44692,34,1,1,0,0,0,1,1,0,0,0,0,0,0,33,1,1,0,0,0,1,,,,,,,-2,-2,-2
97906,Harper,Oregon,OR,771.372627881428002,254,107,43766,66793,28137,36502,47467,212,20,5,2,0,12,3,34,0,0,0,0,12,2,178,20,5,2,0,0,1,,,,,,,-2,-2,-2
97042,Mulino,Oregon,OR,24.326835855245129,2837,1047,91742,106376,39259,67885,78590,2665,10,26,28,1,21,86,66,0,2,1,0,20,11,2599,10,24,27,1,1,75,13,12,1,1,44.5,2020-07-22,45.8230525202679,3.52485019386676,3.52485019386676
97045,Oregon City,Oregon,OR,86.854069040114197,56808,21180,80390,98255,36654,59313,71868,51216,409,495,1167,112,1292,2117,2299,40,84,7,3,1240,369,48917,369,411,1160,109,52,1748,171,158,13,13,33.3,2020-07-22,30.1013941698352,2.28841008308689,2.28841008308689
97048,Rainier,Oregon,OR,86.667023050874903,6928,2745,55360,68300,27062,43611,52419,6366,34,103,45,11,100,269,115,0,9,2,0,99,51,6251,34,94,43,11,1,218,13,10,3,3,19.4,2020-07-22,18.7644341801386,4.33025404157044,4.33025404157044
97070,Wilsonville,Oregon,OR,18.779910340683383,25311,10979,80835,108053,46901,61149,76654,20973,327,206,1266,128,1321,1090,1605,31,50,23,8,1293,287,19368,296,156,1243,120,28,803,61,47,14,14,29.1,2020-07-22,24.100193591719,5.53119197186994,5.53119197186994
97071,Woodburn,Oregon,OR,57.008347838799772,31603,9661,53329,67629,20696,42904,52115,19180,245,857,307,55,9719,1240,6878,89,724,44,11,9681,814,12302,156,133,263,44,38,426,435,366,69,69,151,2020-07-22,137.645160269595,21.8333702496598,21.8333702496598
97386,Sweet Home,Oregon,OR,107.586972672056405,14564,5510,44923,57935,21926,36558,45102,13442,56,208,119,34,180,525,408,1,36,1,0,176,106,13034,55,172,118,34,4,419,13,12,1,1,9.6,2020-07-22,8.92611919802252,0.68662455369404,0.68662455369404
97348,Halsey,Oregon,OR,63.670426044128618,1815,600,57874,74086,24496,46636,56858,1674,9,13,12,2,40,65,80,2,0,0,0,36,8,1594,7,13,12,2,4,57,-1,-1,0,8,-1,2020-07-22,-1,0,44.0771349862259
97754,Prineville,Oregon,OR,1467.376832279881683,20532,8390,38952,52752,21573,32276,41362,18659,29,315,149,22,828,530,790,6,46,1,0,816,105,17869,23,269,148,22,12,425,27,18,9,9,14.5,2020-07-22,13.1502045587376,4.38340151957919,4.38340151957919
97494,Wilbur,Oregon,OR,0.209823238886281,47,15,80000,96129,30690,52863,70770,43,0,2,1,0,0,1,1,0,1,0,0,0,0,42,0,1,1,0,0,1,,,,,,,-2,-2,-2
97102,Arch Cape,Oregon,OR,4.925358268770828,207,110,60113,84398,44856,48819,61557,180,1,1,3,0,19,3,8,0,1,0,0,18,0,172,1,0,3,0,1,3,,,,,,,-2,-2,-2
97335,Crabtree,Oregon,OR,0.466808919557274,154,56,64589,80430,29252,51350,60919,142,1,2,2,0,3,4,4,0,0,0,0,3,0,138,1,2,2,0,0,4,,,,,,,-2,-2,-2
97837,Hereford,Oregon,OR,229.675273379960771,131,58,45323,65644,29064,36952,49517,122,0,2,3,0,2,2,5,0,0,0,0,2,0,117,0,2,3,0,0,2,,,,,,,-2,-2,-2
97531,Kerby,Oregon,OR,11.251334979320834,684,278,35562,54818,22289,27938,41100,607,6,17,5,2,13,34,29,1,2,0,0,12,5,578,5,15,5,2,1,29,,,,,,,-2,-2,-2
97839,Lexington,Oregon,OR,150.408598500181938,453,167,57986,87192,32144,46371,61281,401,4,5,1,0,24,18,11,0,0,0,0,23,0,390,4,5,1,0,1,18,,,,,,,-2,-2,-2
97840,Oxbow,Oregon,OR,95.085201166199440,92,43,79972,95186,44489,61656,72053,90,0,0,0,0,0,2,2,0,0,0,0,0,0,88,0,0,0,0,0,2,,,,,,,-2,-2,-2
97841,Imbler,Oregon,OR,24.136722615335152,504,187,52691,75192,27899,42838,55287,470,0,6,0,4,11,13,8,0,0,0,0,11,0,462,0,6,0,4,0,13,,,,,,,-2,-2,-2
97842,Imnaha,Oregon,OR,1235.558717980796700,164,77,47124,61872,29068,38059,47883,157,1,1,0,0,1,4,2,0,0,0,0,1,0,155,1,1,0,0,0,4,,,,,,,-2,-2,-2
97533,Murphy,Oregon,OR,5.635372204570393,745,323,54165,71052,30810,43121,53581,684,5,11,6,0,16,23,33,0,1,1,0,15,7,651,5,10,5,0,1,16,,,,,,,-2,-2,-2
97627,Keno,Oregon,OR,45.877066498494266,618,270,46554,68442,29902,38062,51447,556,1,14,5,1,10,31,31,0,4,0,0,8,7,525,1,10,5,1,2,24,,,,,,,-2,-2,-2
97843,Ione,Oregon,OR,461.640008034625851,669,262,66940,82483,32303,52483,62077,563,1,16,1,0,69,19,30,0,7,0,0,66,4,533,1,9,1,0,3,15,,,,,,,-2,-2,-2
97909,Jamieson,Oregon,OR,49.201707163274399,76,25,46842,66033,22408,36357,48355,61,4,2,1,0,6,2,9,0,1,0,0,6,1,52,4,1,1,0,0,1,,,,,,,-2,-2,-2
97910,Jordan Valley,Oregon,OR,4908.929931604251578,649,289,45382,65794,29299,36750,49769,584,3,13,5,6,19,19,25,0,0,0,0,19,3,559,3,13,5,6,0,16,,,,,,,-2,-2,-2
97911,Juntura,Oregon,OR,608.059141965275785,102,40,42893,65241,26435,35000,48512,87,6,2,1,0,4,2,11,0,0,0,0,4,1,76,6,2,1,0,0,1,,,,,,,-2,-2,-2
97917,Riverside,Oregon,OR,1513.047616677993574,32,18,50000,66635,37482,35000,50429,29,0,1,0,0,1,1,1,0,0,0,0,1,0,28,0,1,0,0,0,1,,,,,,,-2,-2,-2
97204,Portland,Oregon,OR,0.270633503955785,1147,516,14771,31507,17428,13675,24559,835,172,25,45,5,28,37,57,23,3,1,0,26,4,778,149,22,44,5,2,33,-1,-1,0,8,-1,2020-07-22,-1,0,69.7471665213601
97368,Otis,Oregon,OR,37.827602669579306,3816,1596,46429,67793,28359,37697,49935,3442,22,110,21,1,67,153,137,0,16,0,0,67,34,3305,22,94,21,1,0,119,-1,-1,0,8,-1,2020-07-22,-1,0,20.9643605870021
97530,Jacksonville,Oregon,OR,417.319009797209446,7965,3582,60279,94202,42366,48760,67090,7444,33,69,76,5,126,212,254,0,13,0,0,120,41,7190,33,56,76,5,6,171,10,-1,1,9,14.5,2020-07-22,12.5549278091651,1.25549278091651,11.2994350282486
97523,Cave Junction,Oregon,OR,297.598609236920936,7719,3412,32518,45076,19932,26186,35550,6965,49,169,71,20,114,331,381,9,22,1,1,108,59,6584,40,147,70,19,6,272,-1,-1,0,8,-1,2020-07-22,-1,0,10.3640367923306
97525,Gold Hill,Oregon,OR,121.333049774042891,5268,2336,50465,60951,27032,38761,47262,4859,13,66,40,3,82,205,135,1,11,3,0,76,31,4724,12,55,37,3,6,174,-1,-1,0,8,-1,2020-07-22,-1,0,15.1860288534548
97759,Sisters,Oregon,OR,415.158671772103105,7793,3233,75337,94660,39275,55774,69293,7367,13,43,61,8,113,188,213,0,7,0,0,113,31,7154,13,36,61,8,0,157,-1,-1,0,8,-1,2020-07-22,-1,0,10.2656229949955
97824,Cove,Oregon,OR,210.722680595857298,1753,703,62393,90685,36367,50266,65663,1602,0,17,21,6,28,79,35,0,0,0,0,25,15,1567,0,17,21,6,3,64,-1,-1,0,8,-1,2020-07-22,-1,0,45.6360524814604
97828,Enterprise,Oregon,OR,803.949855282329963,3322,1488,66367,79223,35511,51480,60013,3142,10,37,20,1,28,84,82,0,2,0,0,26,11,3060,10,35,20,1,2,73,-1,-1,0,8,-1,2020-07-22,-1,0,24.0818783865141
97836,Heppner,Oregon,OR,1122.954601543025547,2020,879,50209,65513,28510,39458,50354,1855,4,25,4,0,67,65,41,1,3,0,0,65,7,1814,3,22,4,0,2,58,-1,-1,0,8,-1,2020-07-22,-1,0,39.6039603960396
97051,Saint Helens,Oregon,OR,47.160238377865888,17072,6347,52674,66333,24689,41224,50757,15227,133,262,235,46,293,876,698,15,59,10,0,284,175,14529,118,203,225,46,9,701,12,11,1,1,7.5,2020-07-22,7.029053420806,0.585754451733833,0.585754451733833
97055,Sandy,Oregon,OR,129.602002231481350,19698,7412,74114,88538,33316,54649,65111,17725,87,222,270,29,601,764,872,7,31,6,0,592,106,16853,80,191,264,29,9,658,26,24,2,2,15,2020-07-22,13.1993095745761,1.01533150573662,1.01533150573662
97056,Scappoose,Oregon,OR,97.482788701302226,12276,4846,64162,79990,31583,51219,60197,11057,86,161,156,27,305,484,326,9,18,0,0,296,95,10731,77,143,156,27,9,389,17,16,1,1,14.8,2020-07-22,13.8481590094493,0.814597588791137,0.814597588791137
97913,Nyssa,Oregon,OR,128.279291622789742,5628,1893,49789,58806,19790,37778,45621,3983,17,47,56,0,1315,210,1264,12,21,2,0,1313,144,2719,5,26,54,0,2,66,73,56,17,17,132.1,2020-07-22,129.708599857854,30.2061122956645,30.2061122956645
97914,Ontario,Oregon,OR,200.505792931873827,19388,6162,37363,54112,17420,31432,41895,14053,380,261,350,21,3658,665,2945,29,85,12,17,3648,323,11108,351,176,338,4,10,342,374,307,67,67,194.7,2020-07-22,192.902826490613,34.5574582215804,34.5574582215804
97918,Vale,Oregon,OR,452.366952485293609,4468,1614,44641,57986,20998,36243,44745,3886,14,59,38,9,330,132,389,2,31,1,5,321,37,3497,12,28,37,4,9,95,35,30,5,5,77.1,2020-07-22,78.3348254252462,11.1906893464637,11.1906893464637
97703,Bend,Oregon,OR,209.628363892124725,30996,12778,78610,112983,46598,59606,78604,28943,148,193,471,39,391,811,800,10,43,9,13,345,125,28143,138,150,462,26,46,686,52,43,9,9,15.7,2020-07-22,16.7763582397729,2.90360046457607,2.90360046457607
97227,Portland,Oregon,OR,1.403403789834567,5473,2412,67684,92391,40842,52372,65346,3632,1130,59,155,22,122,353,165,31,13,6,0,109,56,3467,1099,46,149,22,13,297,15,12,3,3,39,2020-07-22,27.407272062854,5.4814544125708,5.4814544125708
97351,Independence,Oregon,OR,54.316263921246232,11515,3866,48413,59385,20029,37676,46037,8197,119,199,138,21,2336,505,1595,18,84,15,4,2324,195,6602,101,115,123,17,12,310,28,28,0,0,27.2,2020-07-22,24.3161094224924,0,0
97232,Portland,Oregon,OR,1.836718785158893,14723,8082,58233,88917,48940,46796,63038,12396,714,126,547,36,276,628,550,19,31,7,3,245,104,11846,695,95,540,33,31,524,22,16,6,6,19.2,2020-07-22,14.9426068056782,4.0752564015486,4.0752564015486
97455,Pleasant Hill,Oregon,OR,19.487804391788991,2332,905,72818,91492,35522,56705,68745,2125,8,35,51,2,28,83,59,0,0,6,0,24,10,2066,8,35,45,2,4,73,-1,-1,0,8,-1,2020-07-22,-1,0,34.3053173241852
97457,Myrtle Creek,Oregon,OR,183.319970378127039,10759,4309,46493,59246,23735,37239,45914,9669,32,303,85,16,123,531,322,0,34,2,2,119,99,9347,32,269,83,14,4,432,-1,-1,0,8,-1,2020-07-22,-1,0,7.43563528208941
97458,Myrtle Point,Oregon,OR,527.055225251447837,4774,1972,42761,59350,24532,35487,45935,4320,17,123,11,6,49,248,157,1,8,0,0,44,41,4163,16,115,11,6,5,207,-1,-1,0,8,-1,2020-07-22,-1,0,16.7574361122748
97462,Oakland,Oregon,OR,232.843572938254454,4068,1683,52371,71676,29661,42065,55057,3780,14,62,21,4,43,144,118,0,3,1,0,28,31,3662,14,59,20,4,15,113,-1,-1,0,8,-1,2020-07-22,-1,0,19.6656833824975
97463,Oakridge,Oregon,OR,1108.317744771107300,4347,1906,40287,57993,25428,32995,44649,3882,48,81,32,3,72,229,142,0,7,2,2,71,45,3740,48,74,30,1,1,184,-1,-1,0,8,-1,2020-07-22,-1,0,18.4034966643662
97381,Silverton,Oregon,OR,174.570771341952280,16663,6000,71467,93614,33717,54969,68598,14726,57,147,195,26,1010,502,869,19,28,3,6,990,212,13857,38,119,192,20,20,290,61,53,8,8,41.5,2020-07-22,36.6080537718298,4.80105623237112,4.80105623237112
97003,Beaverton,Oregon,OR,4.566028946864502,31615,11068,72734,83585,29274,54428,62631,19473,1332,302,4470,171,3744,2123,2711,73,117,77,10,3687,548,16762,1259,185,4393,161,57,1575,113,88,25,25,43.6,2020-07-22,35.7425272813538,7.90763877906057,7.90763877906057
97920,Westfall,Oregon,OR,61.533777355937609,28,12,50000,67427,28897,41213,47234,23,3,1,0,0,1,0,4,0,0,0,0,1,0,19,3,1,0,0,0,0,,,,,,,-2,-2,-2
97111,Carlton,Oregon,OR,39.647267267531937,3554,1257,72753,83982,29703,56327,64889,3230,9,31,33,11,97,143,141,0,4,0,3,90,15,3089,9,27,33,8,7,128,-1,-1,0,8,-1,2020-07-22,-1,0,22.5098480585256
97380,Siletz,Oregon,OR,113.020290604281499,2629,966,48339,63228,23241,38265,49812,1833,15,492,8,8,31,242,33,0,39,0,0,26,37,1800,15,453,8,8,5,205,-1,-1,0,8,-1,2020-07-22,-1,0,30.4298212248003
97438,Fall Creek,Oregon,OR,272.844239917572168,1413,546,63230,76959,29755,50822,58566,1271,20,16,17,5,27,57,47,0,2,3,0,25,8,1224,20,14,14,5,2,49,-1,-1,0,8,-1,2020-07-22,-1,0,56.6171266808209
97443,Glide,Oregon,OR,921.051339479172043,2614,990,57841,76137,28913,46417,57208,2414,26,54,8,6,26,80,82,0,3,0,0,19,16,2332,26,51,8,6,7,64,-1,-1,0,8,-1,2020-07-22,-1,0,30.6044376434583
97467,Reedsport,Oregon,OR,505.222825547073626,5617,2639,38942,55698,26187,32206,43274,5151,24,71,66,6,93,206,215,10,3,5,0,81,43,4936,14,68,61,6,12,163,-1,-1,0,8,-1,2020-07-22,-1,0,14.2424781912053
97469,Riddle,Oregon,OR,81.579954415780762,2704,1106,49123,53438,21861,37928,41932,2419,14,64,17,5,38,147,76,8,6,0,0,36,26,2343,6,58,17,5,2,121,-1,-1,0,8,-1,2020-07-22,-1,0,29.585798816568
97044,Odell,Oregon,OR,0.007887324670880,60,19,57322,72029,22840,44813,54869,43,0,1,0,0,14,2,25,0,0,0,0,14,1,18,0,1,0,0,0,1,,,,,,,-2,-2,-2
97304,Salem,Oregon,OR,61.736131264153229,31835,12246,66749,82296,31663,51969,61146,26710,509,370,896,108,1737,1505,1990,36,104,30,2,1704,404,24720,473,266,866,106,33,1101,138,120,18,18,48.5,2020-07-22,43.3485157845139,5.65415423276268,5.65415423276268
97454,Marcola,Oregon,OR,84.929815371401205,1527,598,72283,87977,34454,54799,66285,1393,7,13,17,2,14,81,34,3,0,0,0,11,11,1359,4,13,17,2,3,70,0,-1,0,0,0,2020-07-22,0,0,0
97456,Monroe,Oregon,OR,104.731561713053622,3122,1224,59770,82982,32534,48061,60912,2792,13,30,32,3,147,105,171,0,11,0,0,142,14,2621,13,19,32,3,5,91,0,-1,0,0,0,2020-07-22,0,0,0
97537,Rogue River,Oregon,OR,213.780221461062808,7431,3240,48920,60953,26578,38216,47244,6877,51,101,50,0,103,249,213,10,22,4,0,98,59,6664,41,79,46,0,5,190,-1,-1,0,8,-1,2020-07-22,-1,0,10.7657112097968
97632,Malin,Oregon,OR,37.964582020239590,1457,513,50988,60683,21371,40500,46860,1068,1,18,0,2,319,49,348,0,4,0,1,319,25,720,1,14,0,1,0,24,-1,-1,0,8,-1,2020-07-22,-1,0,54.9073438572409
97037,Maupin,Oregon,OR,1082.807456812823602,1482,582,49414,57719,22744,38359,45630,902,3,485,7,2,16,67,27,1,53,0,0,16,12,875,2,432,7,2,0,55,,,,,,,-2,-2,-2
97039,Moro,Oregon,OR,158.601443949508877,457,209,56446,84590,38685,45036,60837,423,0,12,1,0,13,8,7,0,1,0,0,12,3,416,0,11,1,0,1,5,,,,,,,-2,-2,-2
97621,Beatty,Oregon,OR,8.211464106380912,55,30,31056,39330,21453,23418,31601,48,0,4,0,0,0,3,3,0,0,0,0,0,0,45,0,4,0,0,0,3,,,,,,,-2,-2,-2
97622,Bly,Oregon,OR,299.264212116151782,492,235,37087,53173,25398,29822,41713,431,6,14,3,1,18,19,33,0,1,0,0,18,2,398,6,13,3,1,0,17,,,,,,,-2,-2,-2
97625,Dairy,Oregon,OR,78.843968478653693,294,127,39980,56478,24397,32927,43400,246,1,10,2,0,25,10,18,1,2,0,0,25,3,228,0,8,2,0,0,7,,,,,,,-2,-2,-2
97861,Mikkalo,Oregon,OR,5.953847642974329,7,3,28747,26667,11429,18542,30000,7,0,0,0,0,0,0,0,0,0,0,0,0,0,7,0,0,0,0,0,0,,,,,,,-2,-2,-2
97907,Huntington,Oregon,OR,404.273650733690317,595,282,42406,55068,26125,35646,44166,535,4,22,7,0,6,21,17,0,0,0,0,6,0,518,4,22,7,0,0,21,,,,,,,-2,-2,-2
97908,Ironside,Oregon,OR,358.467048941664189,60,32,45361,66814,35634,37242,47233,49,5,1,1,0,3,1,9,0,0,0,0,3,0,40,5,1,1,0,0,1,,,,,,,-2,-2,-2
97452,Lowell,Oregon,OR,29.818696436845123,1661,642,58503,70722,27337,47014,54237,1482,4,29,14,1,15,116,57,0,2,0,0,12,7,1425,4,27,14,1,3,109,0,-1,0,0,0,2020-07-22,0,0,0
97444,Gold Beach,Oregon,OR,127.036361404083081,5744,2813,48135,64741,31723,37616,49258,5262,16,90,60,4,34,278,194,1,13,1,0,32,53,5068,15,77,59,4,2,225,-1,-1,0,8,-1,2020-07-22,-1,0,13.9275766016713
97446,Harrisburg,Oregon,OR,115.495174608374143,5291,1880,59823,71748,25494,48574,55162,4759,40,54,21,11,211,195,214,1,0,0,2,203,47,4545,39,54,21,9,8,148,-1,-1,0,8,-1,2020-07-22,-1,0,15.1200151200151
97448,Junction City,Oregon,OR,128.283101377363437,13752,5407,57776,74236,29198,46402,56365,12361,78,174,105,30,485,519,578,4,32,1,0,475,112,11783,74,142,104,30,10,407,-1,-1,0,8,-1,2020-07-22,-1,0,5.8173356602676
97479,Sutherlin,Oregon,OR,161.509165303762387,10112,4198,48659,60836,25272,38969,47659,9249,46,206,58,13,204,336,475,5,29,1,0,188,46,8774,41,177,57,13,16,290,13,-1,4,12,13.7,2020-07-22,12.8560126582278,3.95569620253165,11.8670886075949
97630,Lakeview,Oregon,OR,1108.216439125531679,5292,2196,43584,56847,23686,35880,44916,4606,45,134,64,5,255,183,257,2,22,10,0,251,28,4349,43,112,54,5,4,155,26,21,5,5,51,2020-07-22,49.1307634164777,9.44822373393802,9.44822373393802
97756,Redmond,Oregon,OR,98.744591587553742,40200,15432,56928,68417,26277,45518,52727,35809,225,427,375,67,2004,1293,2267,38,57,25,5,1974,325,33542,187,370,350,62,30,968,66,51,15,15,19.7,2020-07-22,16.4179104477612,3.73134328358209,3.73134328358209
97760,Terrebonne,Oregon,OR,95.352797004321445,8261,3429,67439,85863,35642,52731,63898,7698,34,108,33,3,174,211,157,0,4,1,0,167,61,7541,34,104,32,3,7,150,13,11,2,2,19.2,2020-07-22,15.7365936327321,2.42101440503571,2.42101440503571
97215,Portland,Oregon,OR,2.333254233808927,18096,7923,85750,110810,48554,62995,77517,15186,300,113,1267,80,334,816,571,8,24,5,0,291,116,14615,292,89,1262,80,43,700,30,23,7,7,18.3,2020-07-22,16.57824933687,3.86825817860301,3.86825817860301
97305,Salem,Oregon,OR,47.991931214660141,43553,14630,48604,63163,21225,38931,48836,26953,576,684,1952,828,10303,2257,6580,94,240,38,17,10248,1018,20373,482,444,1914,811,55,1239,295,260,35,35,73.4,2020-07-22,67.7335660000459,8.03618579661562,8.03618579661562
97213,Portland,Oregon,OR,3.977527849559414,31570,13990,73860,97886,43390,55660,69866,25145,1288,259,2620,76,699,1483,970,64,47,27,3,631,223,24175,1224,212,2593,73,68,1260,82,66,16,16,28,2020-07-22,25.974025974026,5.06810262907824,5.06810262907824
97465,Port Orford,Oregon,OR,117.807090831624507,2344,1211,34346,49165,25410,27609,38767,2141,15,52,16,3,25,92,91,0,1,0,0,20,8,2050,15,51,16,3,5,84,0,-1,0,0,0,2020-07-22,0,0,0
97544,Williams,Oregon,OR,116.539433507059684,2313,1003,42673,60618,26286,35439,45818,2130,10,45,17,0,30,81,80,1,3,0,0,19,15,2050,9,42,17,0,11,66,0,-1,0,0,0,2020-07-22,0,0,0
97101,Amity,Oregon,OR,52.603381921542429,4017,1406,65422,85107,29793,51907,63409,3497,29,88,34,5,201,163,199,3,14,1,1,194,30,3298,26,74,33,4,7,133,-1,-1,0,8,-1,2020-07-22,-1,0,19.915359721185
97106,Banks,Oregon,OR,46.851412515844181,5269,1755,104265,122255,40723,77199,87547,4857,23,36,66,6,97,184,203,1,8,2,0,87,28,4654,22,28,64,6,10,156,-1,-1,0,8,-1,2020-07-22,-1,0,15.1831467071551
97110,Cannon Beach,Oregon,OR,10.235529601565430,1713,775,59314,79611,36069,47514,59506,1527,4,11,21,3,115,32,54,0,4,0,0,110,8,1473,4,7,21,3,5,24,-1,-1,0,8,-1,2020-07-22,-1,0,46.7016929363689
97005,Beaverton,Oregon,OR,5.553257974472221,28309,11324,54232,72746,29121,43897,54875,17980,969,274,1987,136,5381,1582,3221,65,134,24,6,5327,515,14759,904,140,1963,130,54,1067,114,84,30,30,45.8,2020-07-22,40.2698788371189,10.5973365360839,10.5973365360839
97116,Forest Grove,Oregon,OR,68.859341835736359,28983,10090,62657,79988,27910,50504,60137,22410,260,295,962,87,3651,1318,2657,65,136,39,4,3612,403,19753,195,159,923,83,39,915,164,148,16,16,68,2020-07-22,56.5848945933823,5.52047752130559,5.52047752130559
97330,Corvallis,Oregon,OR,83.645512900693916,44576,18860,54916,83772,35546,43987,60436,36387,558,259,3859,117,1334,2062,1974,33,76,15,10,1269,294,34413,525,183,3844,107,65,1768,65,59,6,6,15.7,2020-07-22,14.5818377602297,1.34601579325197,1.34601579325197
97333,Corvallis,Oregon,OR,102.951002224794877,22579,9739,55348,78033,33723,44679,57442,18583,344,144,1571,81,769,1087,1002,21,49,7,7,718,181,17581,323,95,1564,74,51,906,25,21,4,4,11.6,2020-07-22,11.0722352628549,1.77155764205678,1.77155764205678
97338,Dallas,Oregon,OR,119.506743055171199,21934,8515,55449,67553,26252,43613,52161,20109,106,401,173,27,439,679,885,4,21,2,2,421,173,19224,102,380,171,25,18,506,20,15,5,5,9.9,2020-07-22,9.11826388255676,2.27956597063919,2.27956597063919
97006,Beaverton,Oregon,OR,6.966208701018659,44790,17903,78544,96816,38708,58077,70506,28088,1681,279,9268,216,2829,2429,2980,56,93,40,14,2749,481,25108,1625,186,9228,202,80,1948,176,144,32,32,27.9,2020-07-22,39.2944853762,7.14445188658183,7.14445188658183
97007,Beaverton,Oregon,OR,17.785470508580126,48506,18004,100221,121930,45261,73460,86096,34684,1208,206,7673,149,1995,2591,2333,40,44,42,15,1891,392,32351,1168,162,7631,134,104,2199,141,116,25,25,21.1,2020-07-22,29.0685688368449,5.15400156681648,5.15400156681648
97008,Beaverton,Oregon,OR,5.173172677624464,30336,12233,71986,86858,35049,54304,64669,22354,742,187,2352,232,2802,1667,2304,64,65,30,9,2738,365,20050,678,122,2322,223,64,1302,75,59,16,16,25.9,2020-07-22,24.7231012658228,5.27426160337553,5.27426160337553
97127,Lafayette,Oregon,OR,0.970654425959932,4486,1439,59993,74993,24056,48969,56709,3703,20,45,42,1,497,178,552,7,4,1,0,482,55,3151,13,41,41,1,15,123,11,-1,2,10,29.4,2020-07-22,24.5207311636202,4.45831475702185,22.2915737851092
97140,Sherwood,Oregon,OR,44.511359834818087,28791,9380,103356,126684,41350,76117,88609,24849,384,175,1239,85,838,1221,1201,26,39,20,8,782,172,23648,358,136,1219,77,56,1049,53,45,8,8,22.6,2020-07-22,18.4085304435414,2.77864610468549,2.77864610468549
97141,Tillamook,Oregon,OR,451.829101196266606,13872,5486,50213,66997,26518,39508,50166,12005,105,215,126,73,909,439,1053,29,49,2,2,891,105,10952,76,166,124,71,18,334,13,-1,4,12,9.9,2020-07-22,9.37139561707036,2.88350634371396,8.65051903114187
97146,Warrenton,Oregon,OR,20.548097720566162,6424,2590,56436,73229,29569,45205,55668,5888,42,80,92,24,95,203,180,1,16,1,0,94,31,5708,41,64,91,24,1,172,17,16,1,1,28.8,2020-07-22,26.4632627646326,1.55666251556663,1.55666251556663
97352,Jefferson,Oregon,OR,47.205244934728391,6677,2331,62500,78431,27382,50397,59233,5714,18,118,56,27,501,243,478,1,32,1,4,498,77,5236,17,86,55,23,3,166,11,11,0,0,19.6,2020-07-22,16.4744645799012,0,0
97015,Clackamas,Oregon,OR,8.936672888670394,22633,8728,74846,94470,36436,55924,68833,16969,485,220,2777,100,869,1213,1149,21,76,4,5,847,223,15820,464,144,2773,95,22,990,56,48,8,8,28.7,2020-07-22,24.7426324393585,3.53466177705121,3.53466177705121
97383,Stayton,Oregon,OR,51.284437507333678,10344,3830,55632,68089,25212,44317,52129,8961,58,139,94,27,631,434,777,4,20,2,4,623,119,8184,54,119,92,23,8,315,38,30,8,8,39.6,2020-07-22,36.7362722351121,7.73395204949729,7.73395204949729
97385,Sublimity,Oregon,OR,33.234676320654778,3527,1365,67784,83838,32543,52608,62294,3321,9,20,22,5,56,94,96,0,1,0,2,56,13,3225,9,19,22,3,0,81,16,15,1,1,49.1,2020-07-22,45.3643322937341,2.83527076835838,2.83527076835838
97024,Fairview,Oregon,OR,4.186156608066314,11648,4559,57991,71918,28157,46689,54747,7960,480,125,837,101,1536,609,635,20,46,13,2,1522,149,7325,460,79,824,99,14,460,135,124,11,11,131.8,2020-07-22,115.899725274725,9.44368131868132,9.44368131868132
97027,Gladstone,Oregon,OR,2.531695455888359,12999,5106,68497,86873,34138,53425,64590,11277,171,121,282,48,495,605,604,13,32,8,9,477,94,10673,158,89,274,39,18,511,35,33,2,2,28.8,2020-07-22,26.9251480883145,1.53857989076083,1.53857989076083
97205,Portland,Oregon,OR,0.923496933572463,8554,5451,35240,72360,46824,28766,49685,6966,408,99,496,9,155,421,356,16,19,6,0,132,59,6610,392,80,490,9,23,362,12,-1,3,11,15.6,2020-07-22,14.0285246668225,3.50713116670563,12.8594809445873
97035,Lake Oswego,Oregon,OR,6.318038895996123,24948,11048,101507,138954,61543,75601,93196,21022,295,114,2089,62,277,1089,880,15,17,12,3,241,129,20142,280,97,2077,59,36,960,61,52,9,9,25.5,2020-07-22,24.4508577841911,3.60750360750361,3.60750360750361
97038,Molalla,Oregon,OR,298.257087846742820,17181,6075,65790,84775,29979,51968,62969,15008,94,165,157,36,1155,566,794,25,40,24,1,1139,171,14214,69,125,133,35,16,395,58,55,3,3,38.4,2020-07-22,33.7582212909609,1.74611489436005,1.74611489436005
97041,Mount Hood Parkdale,Oregon,OR,258.725457412620017,3231,1059,73821,95200,31301,55370,69731,2312,23,61,41,9,697,88,523,2,27,2,2,696,22,1789,21,34,39,7,1,66,16,10,6,6,56.8,2020-07-22,49.520272361498,18.5701021355617,18.5701021355617
97062,Tualatin,Oregon,OR,14.752147314103105,30007,11308,86250,109017,41103,63239,77024,23342,480,204,1371,279,2859,1472,2202,31,57,10,19,2830,404,21140,449,147,1361,260,29,1068,143,130,13,13,52.1,2020-07-22,47.6555470390242,4.33232245809311,4.33232245809311
97068,West Linn,Oregon,OR,23.733928731437896,30486,11502,114441,149784,56520,84971,100595,26971,282,110,1526,39,356,1202,909,7,12,25,2,293,141,26062,275,98,1501,37,63,1061,48,42,6,6,16.9,2020-07-22,15.7449320999803,1.96811651249754,1.96811651249754
97078,Beaverton,Oregon,OR,7.459193664384121,25803,8908,67159,79224,27359,52282,59687,17106,800,272,2445,129,3660,1391,2492,56,111,35,11,3610,377,14614,744,161,2410,118,50,1014,142,113,29,29,66.3,2020-07-22,55.0323605782273,11.2390032166802,11.2390032166802
97080,Gresham,Oregon,OR,22.536793185427744,46125,16149,75213,89762,31437,56269,67158,37647,769,377,2442,183,2613,2094,2463,48,108,31,2,2559,463,35184,721,269,2411,181,54,1631,244,180,64,64,59.7,2020-07-22,52.89972899729,13.8753387533875,13.8753387533875
97424,Cottage Grove,Oregon,OR,370.739181076858586,19434,7660,46881,60586,23887,37435,46541,17435,75,281,277,19,477,870,723,11,43,14,3,459,133,16712,64,238,263,16,18,737,11,10,1,1,6.3,2020-07-22,5.66018318411032,0.514562107646393,0.514562107646393
97426,Creswell,Oregon,OR,71.499879299348564,10610,4066,63451,79241,30377,50658,58810,9542,47,118,119,13,370,401,351,5,22,5,1,362,58,9191,42,96,114,12,8,343,10,-1,1,9,10.3,2020-07-22,9.42507068803016,0.942507068803016,8.48256361922714
97439,Florence,Oregon,OR,147.881754396234783,15740,7639,40608,60102,29185,33816,45843,14398,63,241,190,49,212,587,574,2,28,7,3,205,60,13824,61,213,183,46,7,527,14,11,3,3,9.8,2020-07-22,8.89453621346887,1.90597204574333,1.90597204574333
97477,Springfield,Oregon,OR,13.097978332877913,38563,15899,42555,57672,23796,35287,44375,31619,561,641,735,154,2546,2307,2580,58,143,26,7,2498,627,29039,503,498,709,147,48,1680,32,23,9,9,8.7,2020-07-22,8.29810958690973,2.33384332131836,2.33384332131836
97478,Springfield,Oregon,OR,218.436515341610232,40114,15035,55845,71155,26676,44575,53867,34741,348,567,515,92,1856,1995,2036,35,77,20,2,1815,464,32705,313,490,495,90,41,1531,46,38,8,8,12.4,2020-07-22,11.4673181432916,1.99431619883332,1.99431619883332
97086,Happy Valley,Oregon,OR,10.148120304925431,32685,11432,98590,121945,42659,72218,85231,23022,762,194,5751,123,1232,1601,1442,52,58,30,2,1193,364,21580,710,136,5721,121,39,1237,87,70,17,17,33.4,2020-07-22,26.6177145479578,5.20116261281934,5.20116261281934
97501,Medford,Oregon,OR,42.341200657540163,45655,17856,43006,57627,22570,35401,44062,36295,553,697,507,172,5250,2181,4183,82,223,26,17,5211,737,32112,471,474,481,155,39,1444,64,44,20,20,15.2,2020-07-22,14.0181798269631,4.38068119592597,4.38068119592597
97502,Central Point,Oregon,OR,82.204450133560371,29656,11342,55522,74619,28543,44131,55537,26253,149,372,334,104,1371,1073,1795,26,99,19,14,1345,265,24458,123,273,315,90,26,808,36,31,5,5,13,2020-07-22,12.1391961154572,1.68599946048017,1.68599946048017
97503,White City,Oregon,OR,60.312873232041866,12041,3922,53263,65322,22113,41687,49885,9095,153,149,101,17,1986,540,1046,20,42,4,0,1983,250,8049,133,107,97,17,3,290,36,26,10,10,34.2,2020-07-22,29.8978490158625,8.3049580599618,8.3049580599618
97504,Medford,Oregon,OR,51.239527791968221,49028,20319,56873,82742,34326,45530,60307,42700,466,550,1182,283,1820,2027,2918,45,177,18,15,1771,573,39782,421,373,1164,268,49,1454,44,36,8,8,9.9,2020-07-22,8.9744635718365,1.63172064942482,1.63172064942482
97601,Klamath Falls,Oregon,OR,882.991074486280013,23582,9625,36080,55545,22717,29451,42371,19472,292,979,395,35,1109,1300,1385,37,218,2,2,1087,368,18087,255,761,393,33,22,932,54,51,3,3,24,2020-07-22,22.8988211347638,1.2721567297091,1.2721567297091
97603,Klamath Falls,Oregon,OR,350.172343989017520,31146,12576,44512,60300,24361,36708,45998,26036,286,1082,334,44,1869,1495,1952,35,224,1,4,1844,406,24084,251,858,333,40,25,1089,60,50,10,10,20.3,2020-07-22,19.2641109612791,3.21068516021319,3.21068516021319
97089,Damascus,Oregon,OR,22.114478451484192,13975,4839,103250,122406,42387,76558,87531,12465,116,87,606,26,211,464,459,0,12,2,0,201,85,12006,116,75,604,26,10,379,29,23,6,6,24.2,2020-07-22,20.7513416815742,4.29338103756708,4.29338103756708
97201,Portland,Oregon,OR,1.916771860685374,17534,9233,56236,99736,53126,44375,66309,13642,384,116,2191,56,259,886,550,22,16,8,6,217,119,13092,362,100,2183,50,42,767,36,33,3,3,23.2,2020-07-22,20.5315387247633,1.71096156039694,1.71096156039694
97212,Portland,Oregon,OR,2.764809437552930,26886,11414,101728,136800,58096,75518,90640,21671,2488,150,910,43,400,1224,809,46,48,11,5,334,203,20862,2442,102,899,38,66,1021,43,40,3,3,17.8,2020-07-22,15.9934538421483,1.11582236108012,1.11582236108012
97701,Bend,Oregon,OR,333.335024057135001,40102,16522,60820,73964,30488,49287,55897,36275,251,325,572,61,1364,1254,1953,28,69,27,12,1333,282,34322,223,256,545,49,31,972,112,70,42,42,18.9,2020-07-22,27.9287816069024,10.4732931025884,10.4732931025884
97702,Bend,Oregon,OR,132.365304370722157,49732,19619,70425,88162,34784,53893,65135,44566,324,436,685,60,2125,1536,2213,25,111,45,15,2081,308,42353,299,325,640,45,44,1228,107,79,28,28,26.4,2020-07-22,21.5153221265986,5.63017775275477,5.63017775275477
97206,Portland,Oregon,OR,6.471203635210728,51323,20598,62204,76845,30860,50313,57780,37853,1403,534,6203,278,2292,2760,2196,73,164,43,5,2218,560,35657,1330,370,6160,273,74,2200,164,137,27,27,34.5,2020-07-22,31.9544843442511,5.26079925179744,5.26079925179744
97209,Portland,Oregon,OR,1.053633603397821,20613,13438,73208,107309,70957,54687,72138,16691,925,214,1453,59,331,940,709,26,30,19,8,298,144,15982,899,184,1434,51,33,796,80,58,22,22,53.5,2020-07-22,38.8104594188134,10.6728763401737,10.6728763401737
97734,Culver,Oregon,OR,195.835203739586916,3262,1214,53777,68608,26251,43054,52143,2705,39,115,9,6,268,120,290,0,27,0,2,266,60,2415,39,88,9,4,2,60,11,11,0,0,39.5,2020-07-22,33.7216431637032,0,0
97741,Madras,Oregon,OR,413.425575230264997,13864,4846,50018,65395,23793,39530,49863,9289,236,1543,77,39,2012,668,1361,30,251,12,0,1979,269,7928,206,1292,65,39,33,399,66,56,10,10,55.4,2020-07-22,47.6053087132141,7.21292556260819,7.21292556260819
97210,Portland,Oregon,OR,9.333155072927376,12559,7231,81797,137956,79463,61534,86508,10826,156,64,789,19,196,509,347,4,10,12,4,173,89,10479,152,54,777,15,23,420,23,18,5,5,21.1,2020-07-22,18.313559996815,3.98120869495979,3.98120869495979
97211,Portland,Oregon,OR,6.684396539464728,34085,13296,80640,100216,39148,59886,72176,21804,7033,291,1167,183,1477,2130,1304,142,84,18,7,1368,405,20500,6891,207,1149,176,109,1725,102,82,20,20,32.6,2020-07-22,29.925187032419,5.86768373184685,5.86768373184685
97818,Boardman,Oregon,OR,239.125020719744498,4645,1427,54928,65099,20002,43577,50998,2778,42,78,39,30,1563,115,1236,19,51,2,1,1558,58,1542,23,27,37,29,5,57,110,83,27,27,264.5,2020-07-22,236.813778256189,58.1270182992465,58.1270182992465
97826,Echo,Oregon,OR,265.413747984774147,1335,479,53454,69945,25207,41424,52869,1124,15,15,4,7,126,44,25,0,5,0,0,126,17,1099,15,10,4,7,0,27,10,-1,1,9,92.2,2020-07-22,74.9063670411985,7.49063670411985,67.4157303370787
97827,Elgin,Oregon,OR,412.153827971746921,3301,1400,41728,51758,21951,34811,40374,3106,6,36,9,20,45,79,79,0,0,0,0,37,12,3027,6,36,9,20,8,67,10,10,0,0,38.1,2020-07-22,30.2938503483793,0,0
97838,Hermiston,Oregon,OR,149.909098157205477,26409,9243,53832,66967,23497,41947,51057,19316,221,314,333,70,5182,973,4036,75,124,18,5,5171,500,15280,146,190,315,65,11,473,841,629,212,212,331.8,2020-07-22,318.452042864175,80.2756635995305,80.2756635995305
97214,Portland,Oregon,OR,2.859227950512229,28573,14291,59244,92579,46436,47456,63808,24695,521,222,1323,39,422,1351,989,40,42,9,2,329,223,23706,481,180,1314,37,93,1128,94,74,20,20,39.5,2020-07-22,32.898190599517,6.99961502117384,6.99961502117384
97266,Portland,Oregon,OR,6.225348384620949,36872,12761,46821,59400,20581,37714,45986,22078,2081,448,6794,316,3200,1955,1993,92,119,23,14,3117,479,20085,1989,329,6771,302,83,1476,177,156,21,21,53.2,2020-07-22,48.0039054024734,5.69537860707312,5.69537860707312
97219,Portland,Oregon,OR,11.784915979082649,41628,17209,100306,131183,54284,74028,89474,35353,1058,205,2209,167,622,2014,1387,17,44,18,9,529,277,33966,1041,161,2191,158,93,1737,106,94,12,12,27.4,2020-07-22,25.463630248871,2.88267512251369,2.88267512251369
97345,Foster,Oregon,OR,20.768328745077262,532,210,50957,69130,27298,38554,51059,484,1,10,5,0,7,25,14,0,0,0,0,5,7,470,1,10,5,0,2,18,,,,,,,-2,-2,-2
97346,Gates,Oregon,OR,258.017131207781006,1062,463,54955,65487,28559,44109,51635,972,4,21,6,1,13,45,29,0,8,1,0,13,12,943,4,13,5,1,0,33,,,,,,,-2,-2,-2
97220,Portland,Oregon,OR,7.685952244935173,33340,12584,53408,68700,26013,42528,52640,21129,2959,418,4366,402,2101,1965,1513,138,105,20,11,2061,414,19616,2821,313,4346,391,40,1551,141,122,19,19,49.5,2020-07-22,42.2915416916617,5.69886022795441,5.69886022795441
97221,Portland,Oregon,OR,4.310039708875268,12641,5367,113699,161077,68420,84483,102988,11199,173,55,598,25,102,489,394,4,19,4,2,79,50,10805,169,36,594,23,23,439,23,16,7,7,19.8,2020-07-22,18.1947630725417,5.53753658729531,5.53753658729531
97222,Portland,Oregon,OR,8.772698246401577,37253,15773,58020,74574,31595,46775,56335,31185,764,490,1174,105,1677,1858,1810,47,177,14,7,1628,439,29375,717,313,1160,98,49,1419,121,106,15,15,34.6,2020-07-22,32.4806055888116,4.02652135398491,4.02652135398491
97223,Portland,Oregon,OR,10.952655555003544,51228,20122,83752,105288,41370,61548,75356,39015,1154,345,4376,510,3280,2548,3270,72,78,39,4,3197,493,35745,1082,267,4337,506,83,2055,146,128,18,18,31.3,2020-07-22,28.5000390411494,3.51370344342937,3.51370344342937
97224,Portland,Oregon,OR,8.995617069803568,37413,15776,78136,102265,43135,58657,73310,29586,751,246,3525,193,1510,1602,1759,43,63,36,2,1464,249,27827,708,183,3489,191,46,1353,75,71,4,4,24.1,2020-07-22,20.0465078983241,1.06914708791062,1.06914708791062
97225,Portland,Oregon,OR,6.719610763985653,26086,12010,89522,123784,57015,66375,84698,21796,500,113,1713,105,688,1171,817,17,27,13,4,626,224,20979,483,86,1700,101,62,947,74,56,18,18,30.6,2020-07-22,28.3677068159166,6.90025300927701,6.90025300927701
97230,Portland,Oregon,OR,10.694180630088175,42349,15893,55153,70297,26415,44280,53804,26195,3898,451,4815,582,4166,2242,2737,134,159,30,7,4112,532,23458,3764,292,4785,575,54,1710,254,213,41,41,63.9,2020-07-22,59.977803490047,9.68145646886585,9.68145646886585
97233,Portland,Oregon,OR,4.702768418963933,43364,14281,44978,58387,19255,36544,45101,27014,2892,556,3687,525,6377,2313,4282,136,180,41,10,6299,686,22732,2756,376,3646,515,78,1627,424,358,66,66,107.7,2020-07-22,97.7769578452172,15.2199981551517,15.2199981551517
97236,Portland,Oregon,OR,7.564979578539363,39729,12896,53217,69404,22554,42196,52462,25701,2199,387,5695,450,3166,2131,2323,85,102,29,12,3096,534,23378,2114,285,5666,438,70,1597,439,389,50,50,119.1,2020-07-22,110.498628206096,12.5852651715372,12.5852651715372
97018,Columbia City,Oregon,OR,2.044881626790044,2153,867,60643,82493,33223,49320,61234,1977,12,25,37,2,23,77,77,0,3,1,0,18,15,1900,12,22,36,2,5,62,-1,-1,0,8,-1,2020-07-22,-1,0,37.1574547143521
97239,Portland,Oregon,OR,3.621571395171828,18033,9287,103921,145258,74824,76990,94614,15181,242,82,1516,40,197,775,539,7,17,14,0,168,89,14642,235,65,1502,40,29,686,21,12,9,9,14.8,2020-07-22,11.6453169189819,4.99085010813509,4.99085010813509
97267,Portland,Oregon,OR,7.587170750629808,32656,13081,71640,89498,35866,54454,66143,28218,419,293,932,95,1255,1444,1677,22,61,7,6,1213,322,26541,397,232,925,89,42,1122,93,85,8,8,30.2,2020-07-22,28.4786869181774,2.44977951984321,2.44977951984321
97301,Salem,Oregon,OR,11.250487629289445,57498,19305,43425,56245,19150,35745,43810,38835,1256,1093,1335,977,10943,3059,8012,106,370,50,14,10862,1327,30823,1150,723,1285,963,81,1732,295,261,34,34,55.1,2020-07-22,51.3061323872135,5.9132491564924,5.9132491564924
97303,Salem,Oregon,OR,23.516131820889530,42546,15646,61298,78713,28961,49726,59185,33585,406,580,859,366,4664,2086,3850,50,161,41,7,4608,762,29735,356,419,818,359,56,1324,230,194,36,36,59.5,2020-07-22,54.059135993983,8.4614299816669,8.4614299816669
97306,Salem,Oregon,OR,33.163146835904271,30391,11778,75599,97505,37794,57304,71176,25879,420,278,1274,229,987,1324,1423,20,28,16,9,935,333,24456,400,250,1258,220,52,991,139,113,26,26,50.8,2020-07-22,45.7372248363002,8.55516435786911,8.55516435786911
97317,Salem,Oregon,OR,54.408926503873630,26164,8683,59502,77097,28153,48057,58012,18938,478,377,567,448,4104,1252,2377,94,115,15,12,4073,410,16561,384,262,552,436,31,842,126,114,12,12,51.7,2020-07-22,48.1577740406666,4.58645467053967,4.58645467053967
97321,Albany,Oregon,OR,75.230548890768219,27837,10702,68304,85725,32967,53285,64327,24817,185,284,566,49,935,1001,1155,18,74,14,0,890,215,23662,167,210,552,49,45,786,50,45,5,5,20.1,2020-07-22,17.9617056435679,1.79617056435679,1.79617056435679
97325,Aumsville,Oregon,OR,32.219174648523747,7403,2534,66567,82283,28169,51955,61790,6339,35,147,78,26,410,368,428,1,22,3,2,408,88,5911,34,125,75,24,2,280,28,25,3,3,42.3,2020-07-22,37.8225043901121,4.05241118465487,4.05241118465487
97401,Eugene,Oregon,OR,9.375092350796750,45841,21634,37586,62678,29787,31004,46522,37042,923,432,3816,139,946,2543,1733,48,101,45,13,864,420,35309,875,331,3771,126,82,2123,69,54,15,15,17,2020-07-22,15.0520276608276,3.27217992626688,3.27217992626688
97403,Eugene,Oregon,OR,4.030510166427780,12701,4234,48779,86628,29761,39653,61094,10580,165,98,938,20,228,672,483,7,21,12,2,209,72,10097,158,77,926,18,19,600,17,15,2,2,14.6,2020-07-22,13.3847728525313,1.57467915912133,1.57467915912133
97404,Eugene,Oregon,OR,11.596996488217107,35582,13939,60196,73921,28963,48688,56028,30709,380,478,770,84,1316,1845,1772,35,119,16,2,1281,407,28937,345,359,754,82,35,1438,29,18,11,11,9,2020-07-22,8.15018829745377,3.09145073351695,3.09145073351695
97405,Eugene,Oregon,OR,112.221940186477255,47657,20214,66133,92643,39315,52066,66574,41071,619,491,2102,59,728,2587,1606,42,127,28,3,617,403,39465,577,364,2074,56,111,2184,45,37,8,8,10.1,2020-07-22,9.44247434794469,1.67866210630128,1.67866210630128
97408,Eugene,Oregon,OR,46.797601671466573,14306,5986,69006,99194,41508,54999,71543,12414,168,125,760,32,217,590,517,9,17,3,2,198,118,11897,159,108,757,30,19,472,18,11,7,7,15.4,2020-07-22,12.5821333706137,4.89305186634978,4.89305186634978
97420,Coos Bay,Oregon,OR,214.704380314860487,28531,12184,39114,56086,23975,32252,43317,24374,182,936,435,114,877,1613,1042,9,80,27,14,847,289,23332,173,856,408,100,30,1324,23,16,7,7,8.4,2020-07-22,8.06140689075041,2.4534716624023,2.4534716624023
97844,Irrigon,Oregon,OR,64.129182756506836,4013,1378,58486,66627,22880,46972,52038,3010,66,72,10,9,708,138,496,4,2,2,0,704,69,2514,62,70,8,9,4,69,71,60,11,11,186.5,2020-07-22,176.924993770247,27.4109145277847,27.4109145277847
97118,Garibaldi,Oregon,OR,2.516040636018513,816,402,42932,67027,33040,35504,50098,758,2,9,9,0,1,37,27,0,2,0,0,1,5,731,2,7,9,0,0,32,,,,,,,-2,-2,-2
97875,Stanfield,Oregon,OR,47.867863237508161,2677,917,58097,70808,24259,46519,53616,1791,2,37,3,1,731,112,190,0,13,0,0,726,59,1601,2,24,3,1,5,53,66,44,22,22,252.9,2020-07-22,246.544639521853,82.1815465072843,82.1815465072843
97882,Umatilla,Oregon,OR,21.560392778596906,8555,2199,51073,58720,18582,39374,46480,5874,216,122,58,4,2060,221,1594,17,24,10,1,2044,152,4280,199,98,48,3,16,69,203,163,40,40,261.6,2020-07-22,237.28813559322,46.7562828755114,46.7562828755114
97147,Wheeler,Oregon,OR,0.530786830772089,433,206,42730,57639,27489,35557,44896,408,0,2,4,1,9,9,8,0,0,0,0,9,0,400,0,2,4,1,0,9,,,,,,,-2,-2,-2
97416,Camas Valley,Oregon,OR,95.616127892989951,998,385,58512,79032,30490,47081,60130,900,5,24,7,3,3,56,21,0,0,0,0,3,8,879,5,24,7,3,0,48,,,,,,,-2,-2,-2
97429,Days Creek,Oregon,OR,49.019790132705658,584,245,42953,57042,23932,35405,44879,529,1,12,4,1,8,29,23,0,0,0,1,8,9,506,1,12,4,0,0,20,,,,,,,-2,-2,-2
97136,Rockaway Beach,Oregon,OR,27.192138557547789,1895,958,39354,55112,27865,31935,42215,1750,15,18,27,0,23,62,27,0,0,1,0,22,8,1723,15,18,26,0,1,54,-1,-1,0,8,-1,2020-07-22,-1,0,42.2163588390501
97331,Corvallis,Oregon,OR,0.663984465997161,3290,78,14268,35077,5923,13929,27192,2307,51,15,605,18,65,229,131,3,3,3,2,62,20,2176,48,12,602,16,3,209,-1,-1,0,8,-1,2020-07-22,-1,0,24.3161094224924
97495,Winchester,Oregon,OR,3.449429166701602,1585,696,43619,55431,24342,35803,43795,1445,7,15,29,2,33,54,68,2,0,0,1,29,6,1377,5,15,29,1,4,48,-1,-1,0,8,-1,2020-07-22,-1,0,50.4731861198738
97430,Deadwood,Oregon,OR,96.808653864811902,467,205,40160,53119,23318,32580,41865,436,0,8,5,0,2,16,14,0,1,1,0,2,3,422,0,7,4,0,0,13,,,,,,,-2,-2,-2
97434,Dorena,Oregon,OR,120.579598704694689,745,296,44110,61757,24541,35824,46775,673,3,16,3,0,12,38,10,0,1,0,0,12,4,663,3,15,3,0,0,34,,,,,,,-2,-2,-2
97732,Crane,Oregon,OR,594.737429030869862,233,88,47016,70813,26745,38614,53070,216,1,3,1,0,5,7,5,0,0,0,0,5,0,211,1,3,1,0,0,7,,,,,,,-2,-2,-2
97539,Shady Cove,Oregon,OR,10.613602370057333,3838,1707,40585,52272,23250,33123,40933,3597,15,38,17,2,40,129,173,0,8,0,0,38,18,3424,15,30,17,2,2,111,-1,-1,0,8,-1,2020-07-22,-1,0,20.8441896821261
97633,Merrill,Oregon,OR,30.943251655587844,1308,480,49452,74281,27262,40566,54103,990,8,15,2,3,247,43,183,6,2,0,0,245,14,807,2,13,2,3,2,29,-1,-1,0,8,-1,2020-07-22,-1,0,61.1620795107034
97050,Rufus,Oregon,OR,2.060343638483909,119,59,45998,73444,36413,38214,54251,108,0,3,0,0,5,3,4,0,1,0,0,4,2,104,0,2,0,0,1,1,,,,,,,-2,-2,-2
97336,Crawfordsville,Oregon,OR,0.125833444222484,75,24,57598,76835,24587,46026,58800,69,1,1,0,0,1,3,1,0,0,0,0,1,0,68,1,1,0,0,0,3,,,,,,,-2,-2,-2
97626,Fort Klamath,Oregon,OR,93.014403783282475,54,32,30211,44277,26238,22938,35212,49,0,2,0,0,1,2,1,0,0,0,0,1,0,48,0,2,0,0,0,2,,,,,,,-2,-2,-2
97369,Otter Rock,Oregon,OR,1.709100878326968,209,112,59782,76317,40897,48324,56910,190,2,2,2,1,6,6,14,0,0,0,0,6,0,176,2,2,2,1,0,6,,,,,,,-2,-2,-2
97125,Manning,Oregon,OR,9.319828948147903,193,73,87444,94230,35641,63778,72137,179,1,3,2,0,1,7,7,0,1,0,0,1,1,172,1,2,2,0,0,6,,,,,,,-2,-2,-2
97634,Midland,Oregon,OR,0.741401632413431,222,91,40739,52294,21447,34454,39948,192,1,5,3,1,7,13,10,0,2,0,0,6,2,182,1,3,3,1,1,11,,,,,,,-2,-2,-2
97130,Manzanita,Oregon,OR,5.292280841851843,677,355,52994,72672,38111,41888,53487,611,12,4,13,0,5,32,16,0,0,0,0,5,11,595,12,4,13,0,0,21,,,,,,,-2,-2,-2
97134,Oceanside,Oregon,OR,0.249208573815026,151,84,57965,71889,39995,46778,53680,142,0,1,1,0,3,4,4,0,0,0,0,3,1,138,0,1,1,0,0,3,,,,,,,-2,-2,-2
97635,New Pine Creek,Oregon,OR,1.905713740949676,116,51,29434,48188,21186,25777,38741,101,0,2,3,0,7,3,5,0,0,0,0,6,0,96,0,2,3,0,1,3,,,,,,,-2,-2,-2
97636,Paisley,Oregon,OR,1003.110711312998319,475,227,41765,62987,30101,34468,45958,424,4,10,4,0,15,18,17,0,1,0,0,15,0,407,4,9,4,0,0,18,,,,,,,-2,-2,-2
97135,Pacific City,Oregon,OR,3.227142073030470,847,434,33071,51859,26572,28329,40473,743,5,11,6,1,44,37,44,0,0,0,0,44,5,699,5,11,6,1,0,32,,,,,,,-2,-2,-2
97350,Idanha,Oregon,OR,120.555104466201371,245,133,54154,65121,35357,43390,50677,229,0,3,1,0,2,10,7,0,1,0,0,2,2,222,0,2,1,0,0,8,,,,,,,-2,-2,-2
97364,Neotsu,Oregon,OR,0.254682725698368,457,191,54627,77046,32261,43844,54914,403,0,20,1,0,7,26,10,0,4,1,0,7,7,393,0,16,0,0,0,19,,,,,,,-2,-2,-2
97637,Plush,Oregon,OR,1784.985467576337896,105,54,41757,63102,32452,35922,46042,94,1,2,1,0,3,4,4,0,0,0,0,3,0,90,1,2,1,0,0,4,,,,,,,-2,-2,-2
97638,Silver Lake,Oregon,OR,1418.162700362755913,711,319,27401,45250,20306,22166,35175,628,1,20,2,0,17,43,11,0,4,0,0,17,4,617,1,16,2,0,0,39,,,,,,,-2,-2,-2
97639,Sprague River,Oregon,OR,86.645667609635197,357,162,28764,39679,18005,24347,31859,305,3,28,2,0,2,17,17,0,3,0,0,2,2,288,3,25,2,0,0,15,,,,,,,-2,-2,-2
97388,Gleneden Beach,Oregon,OR,1.869843799746579,792,411,51717,62956,32674,39842,49083,726,9,13,12,0,7,25,14,0,1,0,0,6,5,712,9,12,12,0,1,20,,,,,,,-2,-2,-2
97432,Dillard,Oregon,OR,0.350888509391588,269,97,40337,46657,16824,33243,37745,243,1,7,2,0,4,12,6,0,2,0,0,4,2,237,1,5,2,0,0,10,,,,,,,-2,-2,-2
97436,Elkton,Oregon,OR,140.062395651189775,925,409,47999,67173,29701,38371,51270,840,4,20,2,1,19,39,25,0,3,0,0,18,6,815,4,17,2,1,1,33,,,,,,,-2,-2,-2
97441,Gardiner,Oregon,OR,49.849470828983947,221,109,51258,54391,26826,39129,43484,202,1,6,2,0,2,8,5,0,2,0,0,2,1,197,1,4,2,0,0,7,,,,,,,-2,-2,-2
97640,Summer Lake,Oregon,OR,509.304356126414802,51,27,37672,58405,30920,33382,43039,46,0,1,0,0,2,2,2,0,0,0,0,1,0,44,0,1,0,0,1,2,,,,,,,-2,-2,-2
97733,Crescent,Oregon,OR,432.158942520359631,936,453,40358,49048,23738,33270,38653,852,7,25,5,0,15,32,15,0,0,0,0,15,5,837,7,25,5,0,0,27,,,,,,,-2,-2,-2
97735,Fort Rock,Oregon,OR,570.141979751902454,130,62,27069,45012,21471,21899,34990,115,0,4,0,0,3,8,2,0,1,0,0,3,1,113,0,3,0,0,0,7,,,,,,,-2,-2,-2
97736,Frenchglen,Oregon,OR,2419.330547770968678,80,29,54432,74537,27020,43243,55092,73,0,1,1,0,4,1,2,0,0,0,0,4,0,71,0,1,1,0,0,1,,,,,,,-2,-2,-2
97737,Gilchrist,Oregon,OR,320.884582772062231,433,212,44720,54072,26474,36517,42114,402,3,4,1,0,5,18,8,0,0,0,0,4,3,394,3,4,1,0,1,15,,,,,,,-2,-2,-2
97750,Mitchell,Oregon,OR,958.111122736660832,418,191,35602,53537,24480,30123,42123,383,0,4,2,1,10,18,9,0,0,0,0,10,1,374,0,4,2,1,0,17,,,,,,,-2,-2,-2
97751,Paulina,Oregon,OR,414.555545601862036,107,45,42315,51246,21552,34055,40714,98,0,1,0,0,6,2,0,0,0,0,0,6,0,98,0,1,0,0,0,2,,,,,,,-2,-2,-2
97473,Scottsburg,Oregon,OR,14.227845053394889,210,103,50216,56021,27477,38046,44429,191,1,5,2,0,2,9,5,0,1,0,0,2,1,186,1,4,2,0,0,8,,,,,,,-2,-2,-2
97484,Tiller,Oregon,OR,753.998887914798843,321,158,48765,63607,31312,40166,50072,281,1,11,3,1,10,14,6,0,0,0,1,9,2,275,1,11,3,0,1,12,,,,,,,-2,-2,-2
97486,Umpqua,Oregon,OR,193.324350120043135,661,273,66135,104836,43319,52632,75263,621,1,6,3,0,7,23,18,0,1,0,0,6,7,603,1,5,3,0,1,16,,,,,,,-2,-2,-2
97752,Post,Oregon,OR,934.183900652253556,105,57,42154,51311,27855,35331,40766,96,0,1,0,0,6,2,0,0,0,0,0,6,0,96,0,1,0,0,0,2,,,,,,,-2,-2,-2
97758,Riley,Oregon,OR,1814.088724878319454,88,40,50000,70208,31945,41275,52345,74,0,7,1,0,3,3,3,0,0,0,0,3,1,71,0,7,1,0,0,2,,,,,,,-2,-2,-2
97833,Haines,Oregon,OR,109.868554641872521,975,385,47540,65474,25855,38918,50461,902,2,8,1,2,24,36,16,0,1,0,0,22,2,886,2,7,1,2,2,34,,,,,,,-2,-2,-2
97834,Halfway,Oregon,OR,404.371378207949874,1032,504,44503,65446,31962,36680,50482,977,0,17,4,2,7,25,19,0,3,0,0,7,4,958,0,14,4,2,0,21,,,,,,,-2,-2,-2
97835,Helix,Oregon,OR,159.257083313506627,323,109,53934,72345,24414,42619,55755,275,0,14,4,0,12,18,2,0,1,0,0,12,7,273,0,13,4,0,0,11,,,,,,,-2,-2,-2
